MA_CC,NGAYCAP,KETQUA,TRANGTHAI,MA_TS,MA_NV
CC0001,2025-06-04,86,Chưa nhận,TS0001,NV0014
CC0002,2025-05-16,80,Chưa nhận,TS0002,NV0007
CC0003,2025-06-05,86,Chưa nhận,TS0003,NV0001
CC0004,2025-06-20,83,Chưa nhận,TS0004,NV0015
CC0005,2025-06-27,80,Chưa nhận,TS0005,NV0002
CC0006,2025-06-21,95,Chưa nhận,TS0006,NV0015
CC0007,2025-06-10,88,Chưa nhận,TS0007,NV0012
CC0008,2025-05-09,82,Chưa nhận,TS0008,NV0001
CC0009,2025-05-18,80,Chưa nhận,TS0009,NV0016
CC0010,2025-06-30,97,Chưa nhận,TS0010,NV0016
CC0011,2025-06-24,89,Chưa nhận,TS0011,NV0010
CC0012,2025-06-27,100,Chưa nhận,TS0012,NV0015
CC0013,2025-06-11,89,Chưa nhận,TS0013,NV0002
CC0014,2025-05-23,85,Chưa nhận,TS0014,NV0015
CC0015,2025-05-16,100,Chưa nhận,TS0015,NV0001
CC0016,2025-05-29,93,Chưa nhận,TS0016,NV0002
CC0017,2025-05-14,100,Chưa nhận,TS0017,NV0010
CC0018,2025-06-27,85,Chưa nhận,TS0018,NV0012
CC0019,2025-05-28,97,Chưa nhận,TS0019,NV0010
CC0020,2025-05-23,96,Chưa nhận,TS0020,NV0016
CC0021,2025-05-16,100,Chưa nhận,TS0021,NV0015
CC0022,2025-06-22,96,Chưa nhận,TS0022,NV0001
CC0023,2025-06-23,95,Chưa nhận,TS0023,NV0010
CC0024,2025-05-31,82,Chưa nhận,TS0024,NV0003
CC0025,2025-06-10,96,Chưa nhận,TS0025,NV0012
CC0026,2025-06-06,85,Chưa nhận,TS0026,NV0002
CC0027,2025-06-02,97,Chưa nhận,TS0027,NV0003
CC0028,2025-06-02,81,Chưa nhận,TS0028,NV0010
CC0029,2025-06-25,83,Chưa nhận,TS0029,NV0016
CC0030,2025-06-25,89,Chưa nhận,TS0030,NV0002
CC0031,2025-05-12,86,Chưa nhận,TS0031,NV0002
CC0032,2025-05-24,92,Chưa nhận,TS0032,NV0007
CC0033,2025-06-08,80,Chưa nhận,TS0033,NV0010
CC0034,2025-05-23,91,Chưa nhận,TS0034,NV0002
CC0035,2025-06-05,95,Chưa nhận,TS0035,NV0002
CC0036,2025-05-21,92,Chưa nhận,TS0036,NV0002
CC0037,2025-05-15,92,Chưa nhận,TS0037,NV0014
CC0038,2025-06-02,82,Chưa nhận,TS0038,NV0003
CC0039,2025-05-11,80,Chưa nhận,TS0039,NV0012
CC0040,2025-06-22,90,Chưa nhận,TS0040,NV0001
CC0041,2025-06-08,97,Chưa nhận,TS0041,NV0001
CC0042,2025-05-18,88,Chưa nhận,TS0042,NV0010
CC0043,2025-05-23,89,Chưa nhận,TS0043,NV0003
CC0044,2025-05-14,87,Chưa nhận,TS0044,NV0001
CC0045,2025-06-30,84,Chưa nhận,TS0045,NV0007
CC0046,2025-05-20,90,Chưa nhận,TS0046,NV0003
CC0047,2025-05-15,83,Chưa nhận,TS0047,NV0002
CC0048,2025-05-21,86,Chưa nhận,TS0048,NV0003
CC0049,2025-05-22,98,Chưa nhận,TS0049,NV0012
CC0050,2025-05-25,93,Chưa nhận,TS0050,NV0002
CC0051,2025-06-27,85,Chưa nhận,TS0051,NV0014
CC0052,2025-06-02,94,Chưa nhận,TS0052,NV0014
CC0053,2025-06-08,96,Chưa nhận,TS0053,NV0012
CC0054,2025-06-20,86,Chưa nhận,TS0054,NV0016
CC0055,2025-05-19,99,Chưa nhận,TS0055,NV0015
CC0056,2025-05-13,85,Chưa nhận,TS0056,NV0003
CC0057,2025-05-11,93,Chưa nhận,TS0057,NV0012
CC0058,2025-06-08,98,Chưa nhận,TS0058,NV0001
CC0059,2025-05-13,93,Chưa nhận,TS0059,NV0001
CC0060,2025-06-30,100,Chưa nhận,TS0060,NV0002
CC0061,2025-06-02,99,Chưa nhận,TS0061,NV0016
CC0062,2025-05-19,99,Chưa nhận,TS0062,NV0007
CC0063,2025-06-08,88,Chưa nhận,TS0063,NV0002
CC0064,2025-06-24,98,Chưa nhận,TS0064,NV0015
CC0065,2025-06-29,98,Chưa nhận,TS0065,NV0002
CC0066,2025-05-12,87,Chưa nhận,TS0066,NV0002
CC0067,2025-07-06,92,Chưa nhận,TS0067,NV0001
CC0068,2025-06-21,85,Chưa nhận,TS0068,NV0003
CC0069,2025-07-03,100,Chưa nhận,TS0069,NV0002
CC0070,2025-06-27,92,Chưa nhận,TS0070,NV0015
CC0071,2025-06-25,88,Chưa nhận,TS0071,NV0016
CC0072,2025-06-29,88,Chưa nhận,TS0072,NV0010
CC0073,2025-05-21,87,Chưa nhận,TS0073,NV0010
CC0074,2025-05-29,95,Chưa nhận,TS0074,NV0012
CC0075,2025-06-30,95,Chưa nhận,TS0075,NV0015
CC0076,2025-06-22,87,Chưa nhận,TS0076,NV0015
CC0077,2025-06-07,98,Chưa nhận,TS0077,NV0007
CC0078,2025-06-07,89,Chưa nhận,TS0078,NV0007
CC0079,2025-06-20,91,Chưa nhận,TS0079,NV0016
CC0080,2025-06-10,80,Chưa nhận,TS0080,NV0001
CC0081,2025-06-30,86,Chưa nhận,TS0081,NV0014
CC0082,2025-05-18,86,Chưa nhận,TS0082,NV0001
CC0083,2025-06-25,95,Chưa nhận,TS0083,NV0012
CC0084,2025-06-02,96,Chưa nhận,TS0084,NV0012
CC0085,2025-06-27,84,Chưa nhận,TS0085,NV0007
CC0086,2025-06-03,81,Chưa nhận,TS0086,NV0001
CC0087,2025-06-02,96,Chưa nhận,TS0087,NV0014
CC0088,2025-05-18,89,Chưa nhận,TS0088,NV0016
CC0089,2025-06-20,92,Chưa nhận,TS0089,NV0012
CC0090,2025-06-02,99,Chưa nhận,TS0090,NV0003
CC0091,2025-06-10,87,Chưa nhận,TS0091,NV0012
CC0092,2025-05-19,95,Chưa nhận,TS0092,NV0015
CC0093,2025-05-25,96,Chưa nhận,TS0093,NV0001
CC0094,2025-06-07,94,Chưa nhận,TS0094,NV0014
CC0095,2025-06-02,87,Chưa nhận,TS0095,NV0010
CC0096,2025-07-07,98,Chưa nhận,TS0096,NV0007
CC0097,2025-06-02,84,Chưa nhận,TS0097,NV0015
CC0098,2025-06-09,89,Chưa nhận,TS0098,NV0010
CC0099,2025-05-18,97,Chưa nhận,TS0099,NV0001
CC0100,2025-05-19,87,Chưa nhận,TS0100,NV0012
CC0101,2025-06-03,85,Chưa nhận,TS0101,NV0015
CC0102,2025-06-05,95,Chưa nhận,TS0102,NV0014
CC0103,2025-05-13,82,Chưa nhận,TS0103,NV0001
CC0104,2025-05-27,91,Chưa nhận,TS0104,NV0003
CC0105,2025-05-19,89,Chưa nhận,TS0105,NV0003
CC0106,2025-05-15,90,Chưa nhận,TS0106,NV0016
CC0107,2025-07-06,85,Chưa nhận,TS0107,NV0001
CC0108,2025-06-20,80,Chưa nhận,TS0108,NV0007
CC0109,2025-05-18,95,Chưa nhận,TS0109,NV0002
CC0110,2025-06-20,88,Chưa nhận,TS0110,NV0010
CC0111,2025-06-11,84,Chưa nhận,TS0111,NV0002
CC0112,2025-05-29,91,Chưa nhận,TS0112,NV0003
CC0113,2025-06-23,91,Chưa nhận,TS0113,NV0002
CC0114,2025-06-26,88,Chưa nhận,TS0114,NV0001
CC0115,2025-06-02,92,Chưa nhận,TS0115,NV0001
CC0116,2025-05-14,81,Chưa nhận,TS0116,NV0003
CC0117,2025-06-23,91,Chưa nhận,TS0117,NV0014
CC0118,2025-06-10,80,Chưa nhận,TS0118,NV0001
CC0119,2025-06-25,91,Chưa nhận,TS0119,NV0014
CC0120,2025-05-20,84,Chưa nhận,TS0120,NV0010
CC0121,2025-06-25,89,Chưa nhận,TS0121,NV0001
CC0122,2025-05-10,81,Chưa nhận,TS0122,NV0015
CC0123,2025-06-27,98,Chưa nhận,TS0123,NV0003
CC0124,2025-05-09,83,Chưa nhận,TS0124,NV0014
CC0125,2025-05-18,80,Chưa nhận,TS0125,NV0016
CC0126,2025-05-21,94,Chưa nhận,TS0126,NV0001
CC0127,2025-06-06,92,Chưa nhận,TS0127,NV0001
CC0128,2025-06-05,97,Chưa nhận,TS0128,NV0014
CC0129,2025-05-18,99,Chưa nhận,TS0129,NV0012
CC0130,2025-05-21,84,Chưa nhận,TS0130,NV0001
CC0131,2025-05-12,87,Chưa nhận,TS0131,NV0003
CC0132,2025-05-26,100,Chưa nhận,TS0132,NV0015
CC0133,2025-05-09,84,Chưa nhận,TS0133,NV0010
CC0134,2025-05-14,90,Chưa nhận,TS0134,NV0003
CC0135,2025-05-31,100,Chưa nhận,TS0135,NV0012
CC0136,2025-06-22,90,Chưa nhận,TS0136,NV0012
CC0137,2025-06-23,88,Chưa nhận,TS0137,NV0015
CC0138,2025-06-12,80,Chưa nhận,TS0138,NV0010
CC0139,2025-06-02,80,Chưa nhận,TS0139,NV0003
CC0140,2025-05-12,87,Chưa nhận,TS0140,NV0016
CC0141,2025-06-06,92,Chưa nhận,TS0141,NV0002
CC0142,2025-07-07,82,Chưa nhận,TS0142,NV0002
CC0143,2025-06-23,92,Chưa nhận,TS0143,NV0010
CC0144,2025-05-16,86,Chưa nhận,TS0144,NV0015
CC0145,2025-06-10,92,Chưa nhận,TS0145,NV0014
CC0146,2025-06-10,87,Chưa nhận,TS0146,NV0015
CC0147,2025-05-10,93,Chưa nhận,TS0147,NV0016
CC0148,2025-06-04,80,Chưa nhận,TS0148,NV0010
CC0149,2025-05-23,95,Chưa nhận,TS0149,NV0002
CC0150,2025-07-06,83,Chưa nhận,TS0150,NV0016
CC0151,2025-05-28,90,Chưa nhận,TS0151,NV0012
CC0152,2025-06-27,94,Chưa nhận,TS0152,NV0015
CC0153,2025-07-06,86,Chưa nhận,TS0153,NV0002
CC0154,2025-06-30,90,Chưa nhận,TS0154,NV0014
CC0155,2025-05-22,85,Chưa nhận,TS0155,NV0003
CC0156,2025-06-02,80,Chưa nhận,TS0156,NV0010
CC0157,2025-07-03,96,Chưa nhận,TS0157,NV0003
CC0158,2025-05-19,80,Chưa nhận,TS0158,NV0010
CC0159,2025-05-09,99,Chưa nhận,TS0159,NV0002
CC0160,2025-07-06,97,Chưa nhận,TS0160,NV0003
CC0161,2025-05-29,98,Chưa nhận,TS0161,NV0010
CC0162,2025-06-21,90,Chưa nhận,TS0162,NV0007
CC0163,2025-07-07,95,Chưa nhận,TS0163,NV0014
CC0164,2025-06-04,92,Chưa nhận,TS0164,NV0003
CC0165,2025-06-05,83,Chưa nhận,TS0165,NV0014
CC0166,2025-06-09,90,Chưa nhận,TS0166,NV0001
CC0167,2025-05-27,92,Chưa nhận,TS0167,NV0001
CC0168,2025-07-04,91,Chưa nhận,TS0168,NV0012
CC0169,2025-06-14,87,Chưa nhận,TS0169,NV0012
CC0170,2025-06-06,90,Chưa nhận,TS0170,NV0015
CC0171,2025-06-11,81,Chưa nhận,TS0171,NV0016
CC0172,2025-05-14,99,Chưa nhận,TS0172,NV0010
CC0173,2025-06-10,97,Chưa nhận,TS0173,NV0003
CC0174,2025-07-06,99,Chưa nhận,TS0174,NV0016
CC0175,2025-05-12,88,Chưa nhận,TS0175,NV0003
CC0176,2025-06-09,98,Chưa nhận,TS0176,NV0016
CC0177,2025-06-13,100,Chưa nhận,TS0177,NV0003
CC0178,2025-05-20,84,Chưa nhận,TS0178,NV0001
CC0179,2025-06-20,95,Chưa nhận,TS0179,NV0015
CC0180,2025-07-06,97,Chưa nhận,TS0180,NV0012
CC0181,2025-05-20,89,Chưa nhận,TS0181,NV0012
CC0182,2025-05-12,81,Chưa nhận,TS0182,NV0001
CC0183,2025-07-06,97,Chưa nhận,TS0183,NV0003
CC0184,2025-06-08,94,Chưa nhận,TS0184,NV0001
CC0185,2025-05-09,95,Chưa nhận,TS0185,NV0016
CC0186,2025-06-23,89,Chưa nhận,TS0186,NV0003
CC0187,2025-06-06,89,Chưa nhận,TS0187,NV0010
CC0188,2025-05-18,84,Chưa nhận,TS0188,NV0012
CC0189,2025-06-25,99,Chưa nhận,TS0189,NV0010
CC0190,2025-06-30,81,Chưa nhận,TS0190,NV0001
CC0191,2025-06-10,100,Chưa nhận,TS0191,NV0007
CC0192,2025-06-08,83,Chưa nhận,TS0192,NV0016
CC0193,2025-06-08,86,Chưa nhận,TS0193,NV0014
CC0194,2025-05-14,92,Chưa nhận,TS0194,NV0016
CC0195,2025-05-24,87,Chưa nhận,TS0195,NV0010
CC0196,2025-06-06,84,Chưa nhận,TS0196,NV0012
CC0197,2025-06-19,96,Chưa nhận,TS0197,NV0001
CC0198,2025-06-26,92,Chưa nhận,TS0198,NV0003
CC0199,2025-07-02,92,Chưa nhận,TS0199,NV0010
CC0200,2025-06-11,100,Chưa nhận,TS0200,NV0012
CC0201,2025-06-29,96,Chưa nhận,TS0201,NV0007
CC0202,2025-05-24,87,Chưa nhận,TS0202,NV0012
CC0203,2025-06-14,83,Chưa nhận,TS0203,NV0012
CC0204,2025-07-06,98,Chưa nhận,TS0204,NV0003
CC0205,2025-05-21,86,Chưa nhận,TS0205,NV0003
CC0206,2025-07-06,97,Chưa nhận,TS0206,NV0001
CC0207,2025-05-25,89,Chưa nhận,TS0207,NV0014
CC0208,2025-06-26,86,Chưa nhận,TS0208,NV0007
CC0209,2025-05-11,92,Chưa nhận,TS0209,NV0014
CC0210,2025-06-08,81,Chưa nhận,TS0210,NV0016
CC0211,2025-06-27,87,Chưa nhận,TS0211,NV0002
CC0212,2025-06-29,100,Chưa nhận,TS0212,NV0003
CC0213,2025-06-12,80,Chưa nhận,TS0213,NV0014
CC0214,2025-07-07,86,Chưa nhận,TS0214,NV0001
CC0215,2025-06-11,95,Chưa nhận,TS0215,NV0002
CC0216,2025-05-19,81,Chưa nhận,TS0216,NV0002
CC0217,2025-05-27,89,Chưa nhận,TS0217,NV0010
CC0218,2025-05-09,85,Chưa nhận,TS0218,NV0003
CC0219,2025-06-21,94,Chưa nhận,TS0219,NV0002
CC0220,2025-06-09,99,Chưa nhận,TS0220,NV0015
CC0221,2025-05-24,90,Chưa nhận,TS0221,NV0012
CC0222,2025-05-18,100,Chưa nhận,TS0222,NV0012
CC0223,2025-07-02,81,Chưa nhận,TS0223,NV0002
CC0224,2025-06-10,87,Chưa nhận,TS0224,NV0002
CC0225,2025-05-15,92,Chưa nhận,TS0225,NV0001
CC0226,2025-06-04,99,Chưa nhận,TS0226,NV0014
CC0227,2025-07-02,80,Chưa nhận,TS0227,NV0014
CC0228,2025-07-06,89,Chưa nhận,TS0228,NV0001
CC0229,2025-05-31,93,Chưa nhận,TS0229,NV0014
CC0230,2025-05-21,97,Chưa nhận,TS0230,NV0010
CC0231,2025-07-06,84,Chưa nhận,TS0231,NV0007
CC0232,2025-06-04,90,Chưa nhận,TS0232,NV0012
CC0233,2025-05-31,82,Chưa nhận,TS0233,NV0015
CC0234,2025-06-10,94,Chưa nhận,TS0234,NV0014
CC0235,2025-05-12,88,Chưa nhận,TS0235,NV0001
CC0236,2025-05-20,86,Chưa nhận,TS0236,NV0003
CC0237,2025-05-24,95,Chưa nhận,TS0237,NV0002
CC0238,2025-06-09,89,Chưa nhận,TS0238,NV0010
CC0239,2025-06-19,93,Chưa nhận,TS0239,NV0016
CC0240,2025-07-06,80,Chưa nhận,TS0240,NV0012
CC0241,2025-06-21,99,Chưa nhận,TS0241,NV0002
CC0242,2025-06-30,98,Chưa nhận,TS0242,NV0003
CC0243,2025-05-23,82,Chưa nhận,TS0243,NV0002
CC0244,2025-07-07,81,Chưa nhận,TS0244,NV0003
CC0245,2025-05-15,97,Chưa nhận,TS0245,NV0003
CC0246,2025-06-02,84,Chưa nhận,TS0246,NV0010
CC0247,2025-05-25,80,Chưa nhận,TS0247,NV0016
CC0248,2025-06-22,84,Chưa nhận,TS0248,NV0012
CC0249,2025-06-08,97,Chưa nhận,TS0249,NV0014
CC0250,2025-06-12,87,Chưa nhận,TS0250,NV0003
CC0251,2025-06-29,95,Chưa nhận,TS0251,NV0003
CC0252,2025-05-23,100,Chưa nhận,TS0252,NV0002
CC0253,2025-06-20,90,Chưa nhận,TS0253,NV0010
CC0254,2025-05-28,93,Chưa nhận,TS0254,NV0012
CC0255,2025-05-21,100,Chưa nhận,TS0255,NV0015
CC0256,2025-06-22,96,Chưa nhận,TS0256,NV0015
CC0257,2025-05-14,88,Chưa nhận,TS0257,NV0012
CC0258,2025-07-07,100,Chưa nhận,TS0258,NV0002
CC0259,2025-06-29,86,Chưa nhận,TS0259,NV0016
CC0260,2025-05-19,98,Chưa nhận,TS0260,NV0002
CC0261,2025-06-30,93,Chưa nhận,TS0261,NV0001
CC0262,2025-05-20,91,Chưa nhận,TS0262,NV0007
CC0263,2025-06-30,87,Chưa nhận,TS0263,NV0003
CC0264,2025-06-14,96,Chưa nhận,TS0264,NV0015
CC0265,2025-06-02,96,Chưa nhận,TS0265,NV0016
CC0266,2025-05-21,99,Chưa nhận,TS0266,NV0003
CC0267,2025-05-10,90,Chưa nhận,TS0267,NV0016
CC0268,2025-06-30,86,Chưa nhận,TS0268,NV0014
CC0269,2025-05-12,87,Chưa nhận,TS0269,NV0016
CC0270,2025-05-19,86,Chưa nhận,TS0270,NV0015
CC0271,2025-06-21,98,Chưa nhận,TS0271,NV0012
CC0272,2025-06-27,88,Chưa nhận,TS0272,NV0012
CC0273,2025-05-18,91,Chưa nhận,TS0273,NV0016
CC0274,2025-06-09,82,Chưa nhận,TS0274,NV0015
CC0275,2025-05-10,95,Chưa nhận,TS0275,NV0012
CC0276,2025-06-26,85,Chưa nhận,TS0276,NV0001
CC0277,2025-07-07,92,Chưa nhận,TS0277,NV0010
CC0278,2025-06-03,100,Chưa nhận,TS0278,NV0003
CC0279,2025-07-02,91,Chưa nhận,TS0279,NV0007
CC0280,2025-06-13,82,Chưa nhận,TS0280,NV0014
CC0281,2025-06-25,89,Chưa nhận,TS0281,NV0015
CC0282,2025-07-06,100,Chưa nhận,TS0282,NV0015
CC0283,2025-05-21,94,Chưa nhận,TS0283,NV0016
CC0284,2025-06-27,98,Chưa nhận,TS0284,NV0010
CC0285,2025-06-30,82,Chưa nhận,TS0285,NV0010
CC0286,2025-05-21,90,Chưa nhận,TS0286,NV0002
CC0287,2025-06-27,80,Chưa nhận,TS0287,NV0007
CC0288,2025-05-21,93,Chưa nhận,TS0288,NV0015
CC0289,2025-06-06,89,Chưa nhận,TS0289,NV0016
CC0290,2025-06-26,91,Chưa nhận,TS0290,NV0007
CC0291,2025-05-21,90,Chưa nhận,TS0291,NV0012
CC0292,2025-05-12,100,Chưa nhận,TS0292,NV0001
CC0293,2025-05-14,91,Chưa nhận,TS0293,NV0001
CC0294,2025-06-23,92,Chưa nhận,TS0294,NV0007
CC0295,2025-06-11,91,Chưa nhận,TS0295,NV0012
CC0296,2025-06-08,93,Chưa nhận,TS0296,NV0015
CC0297,2025-05-15,96,Chưa nhận,TS0297,NV0003
CC0298,2025-06-26,83,Chưa nhận,TS0298,NV0016
CC0299,2025-05-13,99,Chưa nhận,TS0299,NV0003
CC0300,2025-05-18,89,Chưa nhận,TS0300,NV0016
CC0301,2025-06-03,89,Chưa nhận,TS0301,NV0001
CC0302,2025-06-30,89,Chưa nhận,TS0302,NV0016
CC0303,2025-05-27,85,Chưa nhận,TS0303,NV0012
CC0304,2025-05-10,85,Chưa nhận,TS0304,NV0014
CC0305,2025-07-07,88,Chưa nhận,TS0305,NV0014
CC0306,2025-05-23,90,Chưa nhận,TS0306,NV0016
CC0307,2025-06-27,94,Chưa nhận,TS0307,NV0001
CC0308,2025-05-27,80,Chưa nhận,TS0308,NV0014
CC0309,2025-05-26,96,Chưa nhận,TS0309,NV0001
CC0310,2025-06-29,80,Chưa nhận,TS0310,NV0003
CC0311,2025-06-12,88,Chưa nhận,TS0311,NV0014
CC0312,2025-05-18,97,Chưa nhận,TS0312,NV0007
CC0313,2025-06-27,95,Chưa nhận,TS0313,NV0002
CC0314,2025-07-02,80,Chưa nhận,TS0314,NV0003
CC0315,2025-06-23,82,Chưa nhận,TS0315,NV0015
CC0316,2025-06-21,81,Chưa nhận,TS0316,NV0014
CC0317,2025-05-31,93,Chưa nhận,TS0317,NV0001
CC0318,2025-06-04,95,Chưa nhận,TS0318,NV0007
CC0319,2025-06-20,92,Chưa nhận,TS0319,NV0016
CC0320,2025-05-18,80,Chưa nhận,TS0320,NV0015
CC0321,2025-06-24,92,Chưa nhận,TS0321,NV0014
CC0322,2025-06-30,83,Chưa nhận,TS0322,NV0010
CC0323,2025-06-08,81,Chưa nhận,TS0323,NV0014
CC0324,2025-05-26,96,Chưa nhận,TS0324,NV0012
CC0325,2025-06-14,86,Chưa nhận,TS0325,NV0003
CC0326,2025-05-14,86,Chưa nhận,TS0326,NV0012
CC0327,2025-06-21,92,Chưa nhận,TS0327,NV0010
CC0328,2025-06-27,88,Chưa nhận,TS0328,NV0007
CC0329,2025-05-18,100,Chưa nhận,TS0329,NV0007
CC0330,2025-06-20,82,Chưa nhận,TS0330,NV0002
CC0331,2025-06-06,85,Chưa nhận,TS0331,NV0015
CC0332,2025-06-10,100,Chưa nhận,TS0332,NV0010
CC0333,2025-05-11,92,Chưa nhận,TS0333,NV0014
CC0334,2025-05-15,90,Chưa nhận,TS0334,NV0016
CC0335,2025-05-19,86,Chưa nhận,TS0335,NV0014
CC0336,2025-06-23,82,Chưa nhận,TS0336,NV0003
CC0337,2025-05-18,87,Chưa nhận,TS0337,NV0012
CC0338,2025-07-02,86,Chưa nhận,TS0338,NV0001
CC0339,2025-06-25,82,Chưa nhận,TS0339,NV0016
CC0340,2025-06-30,80,Chưa nhận,TS0340,NV0016
CC0341,2025-06-21,100,Chưa nhận,TS0341,NV0001
CC0342,2025-06-14,97,Chưa nhận,TS0342,NV0002
CC0343,2025-06-29,96,Chưa nhận,TS0343,NV0010
CC0344,2025-06-14,100,Chưa nhận,TS0344,NV0014
CC0345,2025-05-11,84,Chưa nhận,TS0345,NV0012
CC0346,2025-07-07,98,Chưa nhận,TS0346,NV0014
CC0347,2025-05-27,92,Chưa nhận,TS0347,NV0014
CC0348,2025-06-27,92,Chưa nhận,TS0348,NV0002
CC0349,2025-06-30,83,Chưa nhận,TS0349,NV0003
CC0350,2025-06-04,85,Chưa nhận,TS0350,NV0014
CC0351,2025-06-10,87,Chưa nhận,TS0351,NV0012
CC0352,2025-06-08,98,Chưa nhận,TS0352,NV0010
CC0353,2025-05-21,92,Chưa nhận,TS0353,NV0003
CC0354,2025-05-12,93,Chưa nhận,TS0354,NV0007
CC0355,2025-06-02,85,Chưa nhận,TS0355,NV0014
CC0356,2025-06-23,94,Chưa nhận,TS0356,NV0016
CC0357,2025-06-30,97,Chưa nhận,TS0357,NV0003
CC0358,2025-05-23,89,Chưa nhận,TS0358,NV0010
CC0359,2025-05-12,84,Chưa nhận,TS0359,NV0014
CC0360,2025-06-29,88,Chưa nhận,TS0360,NV0003
CC0361,2025-06-25,97,Chưa nhận,TS0361,NV0007
CC0362,2025-05-29,82,Chưa nhận,TS0362,NV0012
CC0363,2025-05-12,85,Chưa nhận,TS0363,NV0014
CC0364,2025-05-11,87,Chưa nhận,TS0364,NV0007
CC0365,2025-06-29,96,Chưa nhận,TS0365,NV0016
CC0366,2025-05-18,83,Chưa nhận,TS0366,NV0001
CC0367,2025-05-14,95,Chưa nhận,TS0367,NV0001
CC0368,2025-05-25,99,Chưa nhận,TS0368,NV0016
CC0369,2025-06-26,81,Chưa nhận,TS0369,NV0001
CC0370,2025-06-24,94,Chưa nhận,TS0370,NV0002
CC0371,2025-06-02,97,Chưa nhận,TS0371,NV0001
CC0372,2025-06-25,94,Chưa nhận,TS0372,NV0015
CC0373,2025-06-26,100,Chưa nhận,TS0373,NV0002
CC0374,2025-06-10,82,Chưa nhận,TS0374,NV0016
CC0375,2025-05-29,98,Chưa nhận,TS0375,NV0001
CC0376,2025-05-23,90,Chưa nhận,TS0376,NV0002
CC0377,2025-05-19,83,Chưa nhận,TS0377,NV0015
CC0378,2025-06-03,97,Chưa nhận,TS0378,NV0016
CC0379,2025-07-06,82,Chưa nhận,TS0379,NV0012
CC0380,2025-06-04,88,Chưa nhận,TS0380,NV0010
CC0381,2025-07-04,91,Chưa nhận,TS0381,NV0010
CC0382,2025-05-18,86,Chưa nhận,TS0382,NV0010
CC0383,2025-06-04,91,Chưa nhận,TS0383,NV0014
CC0384,2025-05-29,82,Chưa nhận,TS0384,NV0001
CC0385,2025-05-29,97,Chưa nhận,TS0385,NV0007
CC0386,2025-06-02,80,Chưa nhận,TS0386,NV0003
CC0387,2025-05-19,80,Chưa nhận,TS0387,NV0014
CC0388,2025-06-23,96,Chưa nhận,TS0388,NV0007
CC0389,2025-07-06,85,Chưa nhận,TS0389,NV0007
CC0390,2025-06-29,82,Chưa nhận,TS0390,NV0007
CC0391,2025-05-14,95,Chưa nhận,TS0391,NV0012
CC0392,2025-06-14,85,Chưa nhận,TS0392,NV0003
CC0393,2025-05-11,94,Chưa nhận,TS0393,NV0012
CC0394,2025-05-09,84,Chưa nhận,TS0394,NV0007
CC0395,2025-06-09,90,Chưa nhận,TS0395,NV0015
CC0396,2025-06-20,89,Chưa nhận,TS0396,NV0014
CC0397,2025-06-12,85,Chưa nhận,TS0397,NV0007
CC0398,2025-05-11,83,Chưa nhận,TS0398,NV0007
CC0399,2025-06-24,91,Chưa nhận,TS0399,NV0012
CC0400,2025-05-23,89,Chưa nhận,TS0400,NV0003
CC0401,2025-06-29,85,Chưa nhận,TS0401,NV0015
CC0402,2025-06-29,86,Chưa nhận,TS0402,NV0016
CC0403,2025-06-29,91,Chưa nhận,TS0403,NV0003
CC0404,2025-06-29,96,Chưa nhận,TS0404,NV0002
CC0405,2025-06-29,87,Chưa nhận,TS0405,NV0010
CC0406,2025-06-29,93,Chưa nhận,TS0406,NV0002
CC0407,2025-06-29,96,Chưa nhận,TS0407,NV0014
CC0408,2025-06-29,91,Chưa nhận,TS0408,NV0014
CC0409,2025-06-29,100,Chưa nhận,TS0409,NV0016
CC0410,2025-06-29,95,Chưa nhận,TS0410,NV0016
CC0411,2025-06-27,84,Chưa nhận,TS0411,NV0003
CC0412,2025-06-27,90,Chưa nhận,TS0412,NV0014
CC0413,2025-06-27,84,Chưa nhận,TS0413,NV0014
CC0414,2025-06-27,89,Chưa nhận,TS0414,NV0001
CC0415,2025-06-27,85,Chưa nhận,TS0415,NV0014
CC0416,2025-06-27,90,Chưa nhận,TS0416,NV0002
CC0417,2025-06-27,87,Chưa nhận,TS0417,NV0010
CC0418,2025-06-27,90,Chưa nhận,TS0418,NV0014
CC0419,2025-06-27,98,Chưa nhận,TS0419,NV0003
CC0420,2025-06-27,81,Chưa nhận,TS0420,NV0001
CC0421,2025-06-27,99,Chưa nhận,TS0421,NV0002
CC0422,2025-06-27,97,Chưa nhận,TS0422,NV0015
CC0423,2025-06-27,84,Chưa nhận,TS0423,NV0001
CC0424,2025-06-27,89,Chưa nhận,TS0424,NV0001
CC0425,2025-06-27,99,Chưa nhận,TS0425,NV0015
CC0426,2025-06-02,86,Chưa nhận,TS0426,NV0012
CC0427,2025-06-02,86,Chưa nhận,TS0427,NV0016
CC0428,2025-06-02,87,Chưa nhận,TS0428,NV0016
CC0429,2025-06-02,80,Chưa nhận,TS0429,NV0015
CC0430,2025-06-02,92,Chưa nhận,TS0430,NV0007
CC0431,2025-06-02,93,Chưa nhận,TS0431,NV0002
CC0432,2025-06-02,83,Chưa nhận,TS0432,NV0003
CC0433,2025-06-02,85,Chưa nhận,TS0433,NV0014
CC0434,2025-06-02,81,Chưa nhận,TS0434,NV0016
CC0435,2025-06-02,91,Chưa nhận,TS0435,NV0001
CC0436,2025-06-02,97,Chưa nhận,TS0436,NV0007
CC0437,2025-06-02,87,Chưa nhận,TS0437,NV0002
CC0438,2025-06-02,99,Chưa nhận,TS0438,NV0015
CC0439,2025-06-02,85,Chưa nhận,TS0439,NV0014
CC0440,2025-05-28,95,Chưa nhận,TS0440,NV0014
CC0441,2025-05-28,96,Chưa nhận,TS0441,NV0014
CC0442,2025-05-28,96,Chưa nhận,TS0442,NV0015
CC0443,2025-05-28,86,Chưa nhận,TS0443,NV0014
CC0444,2025-05-28,80,Chưa nhận,TS0444,NV0012
CC0445,2025-05-28,91,Chưa nhận,TS0445,NV0014
CC0446,2025-05-28,95,Chưa nhận,TS0446,NV0010
CC0447,2025-05-28,86,Chưa nhận,TS0447,NV0014
CC0448,2025-05-28,82,Chưa nhận,TS0448,NV0007
CC0449,2025-05-28,94,Chưa nhận,TS0449,NV0016
CC0450,2025-05-28,80,Chưa nhận,TS0450,NV0007
CC0451,2025-05-28,86,Chưa nhận,TS0451,NV0002
CC0452,2025-05-28,100,Chưa nhận,TS0452,NV0012
CC0453,2025-07-02,87,Chưa nhận,TS0453,NV0015
CC0454,2025-07-02,97,Chưa nhận,TS0454,NV0007
CC0455,2025-07-02,97,Chưa nhận,TS0455,NV0016
CC0456,2025-07-02,81,Chưa nhận,TS0456,NV0002
CC0457,2025-07-02,82,Chưa nhận,TS0457,NV0001
CC0458,2025-07-02,80,Chưa nhận,TS0458,NV0016
CC0459,2025-07-02,82,Chưa nhận,TS0459,NV0003
CC0460,2025-07-02,94,Chưa nhận,TS0460,NV0007
CC0461,2025-07-02,82,Chưa nhận,TS0461,NV0001
CC0462,2025-07-02,95,Chưa nhận,TS0462,NV0002
CC0463,2025-07-02,97,Chưa nhận,TS0463,NV0003
CC0464,2025-07-02,94,Chưa nhận,TS0464,NV0010
CC0465,2025-06-08,95,Chưa nhận,TS0465,NV0001
CC0466,2025-06-08,89,Chưa nhận,TS0466,NV0014
CC0467,2025-06-08,91,Chưa nhận,TS0467,NV0002
CC0468,2025-06-08,85,Chưa nhận,TS0468,NV0001
CC0469,2025-06-08,87,Chưa nhận,TS0469,NV0016
CC0470,2025-06-08,92,Chưa nhận,TS0470,NV0002
CC0471,2025-06-12,82,Chưa nhận,TS0471,NV0012
CC0472,2025-06-12,92,Chưa nhận,TS0472,NV0002
CC0473,2025-06-12,84,Chưa nhận,TS0473,NV0010
CC0474,2025-06-12,83,Chưa nhận,TS0474,NV0012
CC0475,2025-06-12,87,Chưa nhận,TS0475,NV0003
CC0476,2025-06-12,88,Chưa nhận,TS0476,NV0012
CC0477,2025-06-12,82,Chưa nhận,TS0477,NV0007
CC0478,2025-06-12,80,Chưa nhận,TS0478,NV0012
CC0479,2025-06-12,87,Chưa nhận,TS0479,NV0001
CC0480,2025-06-29,94,Chưa nhận,TS0480,NV0010
CC0481,2025-06-29,81,Chưa nhận,TS0481,NV0007
CC0482,2025-06-29,85,Chưa nhận,TS0482,NV0007
CC0483,2025-06-29,87,Chưa nhận,TS0483,NV0007
CC0484,2025-06-29,97,Chưa nhận,TS0484,NV0010
CC0485,2025-06-29,91,Chưa nhận,TS0485,NV0010
CC0486,2025-06-29,91,Chưa nhận,TS0486,NV0002
CC0487,2025-06-29,83,Chưa nhận,TS0487,NV0012
CC0488,2025-06-29,91,Chưa nhận,TS0488,NV0003
CC0489,2025-07-02,89,Chưa nhận,TS0489,NV0002
CC0490,2025-07-02,84,Chưa nhận,TS0490,NV0012
CC0491,2025-07-02,92,Chưa nhận,TS0491,NV0010
CC0492,2025-07-02,98,Chưa nhận,TS0492,NV0014
CC0493,2025-07-02,93,Chưa nhận,TS0493,NV0010
CC0494,2025-07-02,90,Chưa nhận,TS0494,NV0001
CC0495,2025-07-02,94,Chưa nhận,TS0495,NV0002
CC0496,2025-07-02,96,Chưa nhận,TS0496,NV0010
CC0497,2025-07-02,81,Chưa nhận,TS0497,NV0001
CC0498,2025-07-02,99,Chưa nhận,TS0498,NV0007
CC0499,2025-07-02,87,Chưa nhận,TS0499,NV0003
CC0500,2025-07-02,82,Chưa nhận,TS0500,NV0007
CC0501,2025-07-02,99,Chưa nhận,TS0501,NV0016
CC0502,2025-07-02,93,Chưa nhận,TS0502,NV0015
CC0503,2025-07-02,90,Chưa nhận,TS0503,NV0015
CC0504,2025-07-02,97,Chưa nhận,TS0504,NV0014
CC0505,2025-07-02,93,Chưa nhận,TS0505,NV0007
CC0506,2025-07-02,99,Chưa nhận,TS0506,NV0003
CC0507,2025-07-02,96,Chưa nhận,TS0507,NV0002
CC0508,2025-05-28,81,Chưa nhận,TS0508,NV0001
CC0509,2025-05-28,81,Chưa nhận,TS0509,NV0010
CC0510,2025-05-28,89,Chưa nhận,TS0510,NV0001
CC0511,2025-05-28,94,Chưa nhận,TS0511,NV0012
CC0512,2025-05-28,80,Chưa nhận,TS0512,NV0003
CC0513,2025-05-28,89,Chưa nhận,TS0513,NV0015
CC0514,2025-06-02,86,Chưa nhận,TS0514,NV0007
CC0515,2025-06-02,84,Chưa nhận,TS0515,NV0003
CC0516,2025-06-02,81,Chưa nhận,TS0516,NV0015
CC0517,2025-06-02,95,Chưa nhận,TS0517,NV0001
CC0518,2025-06-02,87,Chưa nhận,TS0518,NV0002
CC0519,2025-06-02,91,Chưa nhận,TS0519,NV0015
CC0520,2025-05-21,100,Chưa nhận,TS0520,NV0012
CC0521,2025-05-21,84,Chưa nhận,TS0521,NV0010
CC0522,2025-05-21,83,Chưa nhận,TS0522,NV0016
CC0523,2025-05-21,84,Chưa nhận,TS0523,NV0015
CC0524,2025-05-21,85,Chưa nhận,TS0524,NV0012
CC0525,2025-05-21,86,Chưa nhận,TS0525,NV0001
CC0526,2025-05-21,98,Chưa nhận,TS0526,NV0003
CC0527,2025-05-21,90,Chưa nhận,TS0527,NV0007
CC0528,2025-05-21,97,Chưa nhận,TS0528,NV0001
CC0529,2025-06-07,91,Chưa nhận,TS0529,NV0002
CC0530,2025-06-07,93,Chưa nhận,TS0530,NV0012
CC0531,2025-06-07,82,Chưa nhận,TS0531,NV0001
CC0532,2025-06-07,84,Chưa nhận,TS0532,NV0014
CC0533,2025-06-07,81,Chưa nhận,TS0533,NV0016
CC0534,2025-06-07,81,Chưa nhận,TS0534,NV0001
CC0535,2025-06-07,99,Chưa nhận,TS0535,NV0016
CC0536,2025-06-07,96,Chưa nhận,TS0536,NV0012
CC0537,2025-06-07,84,Chưa nhận,TS0537,NV0014
CC0538,2025-06-07,84,Chưa nhận,TS0538,NV0010
CC0539,2025-06-07,87,Chưa nhận,TS0539,NV0002
CC0540,2025-06-07,97,Chưa nhận,TS0540,NV0002
CC0541,2025-06-07,95,Chưa nhận,TS0541,NV0014
CC0542,2025-06-07,83,Chưa nhận,TS0542,NV0001
CC0543,2025-06-07,91,Chưa nhận,TS0543,NV0012
CC0544,2025-06-07,81,Chưa nhận,TS0544,NV0001
CC0545,2025-06-07,80,Chưa nhận,TS0545,NV0007
CC0546,2025-06-07,82,Chưa nhận,TS0546,NV0012
CC0547,2025-06-07,80,Chưa nhận,TS0547,NV0003
CC0548,2025-06-07,80,Chưa nhận,TS0548,NV0012
CC0549,2025-06-07,85,Chưa nhận,TS0549,NV0015
CC0550,2025-06-07,90,Chưa nhận,TS0550,NV0002
CC0551,2025-06-09,83,Chưa nhận,TS0551,NV0015
CC0552,2025-06-09,80,Chưa nhận,TS0552,NV0001
CC0553,2025-06-09,98,Chưa nhận,TS0553,NV0007
CC0554,2025-06-09,95,Chưa nhận,TS0554,NV0001
CC0555,2025-06-09,97,Chưa nhận,TS0555,NV0007
CC0556,2025-06-09,92,Chưa nhận,TS0556,NV0016
CC0557,2025-06-09,94,Chưa nhận,TS0557,NV0001
CC0558,2025-06-09,84,Chưa nhận,TS0558,NV0001
CC0559,2025-06-10,98,Chưa nhận,TS0559,NV0012
CC0560,2025-06-10,93,Chưa nhận,TS0560,NV0012
CC0561,2025-06-10,88,Chưa nhận,TS0561,NV0001
CC0562,2025-06-10,81,Chưa nhận,TS0562,NV0012
CC0563,2025-06-10,84,Chưa nhận,TS0563,NV0012
CC0564,2025-06-10,95,Chưa nhận,TS0564,NV0015
CC0565,2025-06-10,87,Chưa nhận,TS0565,NV0007
CC0566,2025-06-10,91,Chưa nhận,TS0566,NV0012
CC0567,2025-06-10,100,Chưa nhận,TS0567,NV0015
CC0568,2025-06-10,91,Chưa nhận,TS0568,NV0001
CC0569,2025-06-10,96,Chưa nhận,TS0569,NV0010
CC0570,2025-06-10,92,Chưa nhận,TS0570,NV0010
CC0571,2025-06-10,82,Chưa nhận,TS0571,NV0001
CC0572,2025-06-10,82,Chưa nhận,TS0572,NV0014
CC0573,2025-06-10,84,Chưa nhận,TS0573,NV0002
CC0574,2025-06-10,84,Chưa nhận,TS0574,NV0014
CC0575,2025-06-10,90,Chưa nhận,TS0575,NV0010
CC0576,2025-06-10,93,Chưa nhận,TS0576,NV0003
CC0577,2025-06-05,87,Chưa nhận,TS0577,NV0007
CC0578,2025-06-05,82,Chưa nhận,TS0578,NV0007
CC0579,2025-06-05,94,Chưa nhận,TS0579,NV0010
CC0580,2025-06-05,84,Chưa nhận,TS0580,NV0010
CC0581,2025-06-05,98,Chưa nhận,TS0581,NV0010
CC0582,2025-06-05,99,Chưa nhận,TS0582,NV0010
CC0583,2025-06-05,88,Chưa nhận,TS0583,NV0012
CC0584,2025-06-05,95,Chưa nhận,TS0584,NV0002
CC0585,2025-06-05,91,Chưa nhận,TS0585,NV0001
CC0586,2025-06-05,94,Chưa nhận,TS0586,NV0010
CC0587,2025-06-05,83,Chưa nhận,TS0587,NV0012
CC0588,2025-06-05,93,Chưa nhận,TS0588,NV0015
CC0589,2025-06-05,100,Chưa nhận,TS0589,NV0016
CC0590,2025-06-05,94,Chưa nhận,TS0590,NV0016
CC0591,2025-06-05,80,Chưa nhận,TS0591,NV0002
CC0592,2025-06-05,82,Chưa nhận,TS0592,NV0003
CC0593,2025-06-05,96,Chưa nhận,TS0593,NV0015
CC0594,2025-06-05,80,Chưa nhận,TS0594,NV0010
CC0595,2025-06-05,89,Chưa nhận,TS0595,NV0016
CC0596,2025-06-26,86,Chưa nhận,TS0596,NV0010
CC0597,2025-06-26,80,Chưa nhận,TS0597,NV0014
CC0598,2025-06-26,80,Chưa nhận,TS0598,NV0002
CC0599,2025-06-26,91,Chưa nhận,TS0599,NV0014
CC0600,2025-06-26,82,Chưa nhận,TS0600,NV0015
CC0601,2025-06-26,99,Chưa nhận,TS0601,NV0007
CC0602,2025-06-26,89,Chưa nhận,TS0602,NV0012
CC0603,2025-06-26,100,Chưa nhận,TS0603,NV0002
CC0604,2025-06-26,93,Chưa nhận,TS0604,NV0010
CC0605,2025-06-26,82,Chưa nhận,TS0605,NV0002
CC0606,2025-06-26,86,Chưa nhận,TS0606,NV0010
CC0607,2025-06-26,87,Chưa nhận,TS0607,NV0010
CC0608,2025-06-29,96,Chưa nhận,TS0608,NV0001
CC0609,2025-06-29,81,Chưa nhận,TS0609,NV0001
CC0610,2025-06-29,82,Chưa nhận,TS0610,NV0010
CC0611,2025-06-29,100,Chưa nhận,TS0611,NV0003
CC0612,2025-06-29,88,Chưa nhận,TS0612,NV0010
CC0613,2025-06-29,96,Chưa nhận,TS0613,NV0003
CC0614,2025-06-29,81,Chưa nhận,TS0614,NV0007
CC0615,2025-06-29,97,Chưa nhận,TS0615,NV0007
CC0616,2025-06-29,82,Chưa nhận,TS0616,NV0012
CC0617,2025-06-29,90,Chưa nhận,TS0617,NV0010
CC0618,2025-06-29,90,Chưa nhận,TS0618,NV0015
CC0619,2025-06-29,91,Chưa nhận,TS0619,NV0001
CC0620,2025-06-29,96,Chưa nhận,TS0620,NV0007
CC0621,2025-06-29,95,Chưa nhận,TS0621,NV0016
CC0622,2025-06-29,94,Chưa nhận,TS0622,NV0007
CC0623,2025-06-29,80,Chưa nhận,TS0623,NV0003
CC0624,2025-06-29,95,Chưa nhận,TS0624,NV0002
CC0625,2025-06-29,95,Chưa nhận,TS0625,NV0016
CC0626,2025-06-09,81,Chưa nhận,TS0626,NV0007
CC0627,2025-06-09,91,Chưa nhận,TS0627,NV0012
CC0628,2025-06-09,96,Chưa nhận,TS0628,NV0003
CC0629,2025-06-09,84,Chưa nhận,TS0629,NV0003
CC0630,2025-06-09,86,Chưa nhận,TS0630,NV0016
CC0631,2025-06-09,100,Chưa nhận,TS0631,NV0001
CC0632,2025-06-09,82,Chưa nhận,TS0632,NV0010
CC0633,2025-06-09,80,Chưa nhận,TS0633,NV0007
CC0634,2025-06-09,87,Chưa nhận,TS0634,NV0012
CC0635,2025-06-09,90,Chưa nhận,TS0635,NV0002
CC0636,2025-06-09,89,Chưa nhận,TS0636,NV0002
CC0637,2025-06-09,91,Chưa nhận,TS0637,NV0002
CC0638,2025-06-09,95,Chưa nhận,TS0638,NV0001
CC0639,2025-06-09,96,Chưa nhận,TS0639,NV0007
CC0640,2025-06-09,96,Chưa nhận,TS0640,NV0002
CC0641,2025-06-09,83,Chưa nhận,TS0641,NV0016
CC0642,2025-06-10,88,Chưa nhận,TS0642,NV0003
CC0643,2025-06-10,87,Chưa nhận,TS0643,NV0003
CC0644,2025-06-10,80,Chưa nhận,TS0644,NV0003
CC0645,2025-06-10,91,Chưa nhận,TS0645,NV0001
CC0646,2025-06-10,97,Chưa nhận,TS0646,NV0001
CC0647,2025-06-10,99,Chưa nhận,TS0647,NV0014
CC0648,2025-06-10,95,Chưa nhận,TS0648,NV0002
CC0649,2025-06-10,85,Chưa nhận,TS0649,NV0014
CC0650,2025-06-10,92,Chưa nhận,TS0650,NV0010
CC0651,2025-06-10,98,Chưa nhận,TS0651,NV0002
CC0652,2025-06-10,98,Chưa nhận,TS0652,NV0016
CC0653,2025-06-10,97,Chưa nhận,TS0653,NV0007
CC0654,2025-06-10,96,Chưa nhận,TS0654,NV0002
CC0655,2025-06-10,80,Chưa nhận,TS0655,NV0001
CC0656,2025-06-10,92,Chưa nhận,TS0656,NV0001
CC0657,2025-06-10,83,Chưa nhận,TS0657,NV0003
CC0658,2025-06-10,94,Chưa nhận,TS0658,NV0001
CC0659,2025-06-10,99,Chưa nhận,TS0659,NV0012
CC0660,2025-05-19,98,Chưa nhận,TS0660,NV0001
CC0661,2025-05-19,85,Chưa nhận,TS0661,NV0001
CC0662,2025-05-19,97,Chưa nhận,TS0662,NV0016
CC0663,2025-05-19,83,Chưa nhận,TS0663,NV0014
CC0664,2025-05-19,83,Chưa nhận,TS0664,NV0015
CC0665,2025-05-19,100,Chưa nhận,TS0665,NV0002
CC0666,2025-05-19,88,Chưa nhận,TS0666,NV0001
CC0667,2025-05-19,89,Chưa nhận,TS0667,NV0015
CC0668,2025-05-19,89,Chưa nhận,TS0668,NV0003
CC0669,2025-05-19,82,Chưa nhận,TS0669,NV0015
CC0670,2025-05-19,97,Chưa nhận,TS0670,NV0012
CC0671,2025-05-19,92,Chưa nhận,TS0671,NV0014
CC0672,2025-07-07,83,Chưa nhận,TS0672,NV0010
CC0673,2025-07-07,83,Chưa nhận,TS0673,NV0007
CC0674,2025-07-07,93,Chưa nhận,TS0674,NV0010
CC0675,2025-07-07,81,Chưa nhận,TS0675,NV0016
CC0676,2025-07-07,90,Chưa nhận,TS0676,NV0001
CC0677,2025-07-07,91,Chưa nhận,TS0677,NV0014
CC0678,2025-07-07,93,Chưa nhận,TS0678,NV0015
CC0679,2025-07-07,88,Chưa nhận,TS0679,NV0014
CC0680,2025-07-07,96,Chưa nhận,TS0680,NV0014
CC0681,2025-07-07,93,Chưa nhận,TS0681,NV0002
CC0682,2025-07-07,88,Chưa nhận,TS0682,NV0003
CC0683,2025-07-07,85,Chưa nhận,TS0683,NV0003
CC0684,2025-07-07,86,Chưa nhận,TS0684,NV0010
CC0685,2025-07-07,98,Chưa nhận,TS0685,NV0010
CC0686,2025-07-07,82,Chưa nhận,TS0686,NV0012
CC0687,2025-07-07,97,Chưa nhận,TS0687,NV0001
CC0688,2025-07-07,91,Chưa nhận,TS0688,NV0015
CC0689,2025-07-07,94,Chưa nhận,TS0689,NV0007
CC0690,2025-07-07,91,Chưa nhận,TS0690,NV0002
CC0691,2025-07-07,87,Chưa nhận,TS0691,NV0003
CC0692,2025-07-07,84,Chưa nhận,TS0692,NV0001
CC0693,2025-05-28,97,Chưa nhận,TS0693,NV0001
CC0694,2025-05-28,100,Chưa nhận,TS0694,NV0014
CC0695,2025-05-28,83,Chưa nhận,TS0695,NV0012
CC0696,2025-05-28,96,Chưa nhận,TS0696,NV0002
CC0697,2025-05-28,93,Chưa nhận,TS0697,NV0002
CC0698,2025-05-28,90,Chưa nhận,TS0698,NV0016
CC0699,2025-05-28,96,Chưa nhận,TS0699,NV0014
CC0700,2025-05-28,94,Chưa nhận,TS0700,NV0007
CC0701,2025-05-28,80,Chưa nhận,TS0701,NV0014
CC0702,2025-05-28,91,Chưa nhận,TS0702,NV0001
CC0703,2025-05-28,94,Chưa nhận,TS0703,NV0010
CC0704,2025-05-28,100,Chưa nhận,TS0704,NV0012
CC0705,2025-05-28,87,Chưa nhận,TS0705,NV0003
CC0706,2025-06-23,100,Chưa nhận,TS0706,NV0001
CC0707,2025-06-23,87,Chưa nhận,TS0707,NV0007
CC0708,2025-06-23,81,Chưa nhận,TS0708,NV0015
CC0709,2025-06-23,97,Chưa nhận,TS0709,NV0002
CC0710,2025-06-23,95,Chưa nhận,TS0710,NV0015
CC0711,2025-06-23,92,Chưa nhận,TS0711,NV0014
CC0712,2025-06-23,97,Chưa nhận,TS0712,NV0003
CC0713,2025-06-23,87,Chưa nhận,TS0713,NV0016
CC0714,2025-06-23,84,Chưa nhận,TS0714,NV0007
CC0715,2025-06-23,97,Chưa nhận,TS0715,NV0001
CC0716,2025-06-23,80,Chưa nhận,TS0716,NV0002
CC0717,2025-06-23,93,Chưa nhận,TS0717,NV0003
CC0718,2025-06-23,86,Chưa nhận,TS0718,NV0001
CC0719,2025-06-23,89,Chưa nhận,TS0719,NV0007
CC0720,2025-06-23,88,Chưa nhận,TS0720,NV0001
CC0721,2025-06-23,93,Chưa nhận,TS0721,NV0001
CC0722,2025-06-23,87,Chưa nhận,TS0722,NV0016
CC0723,2025-06-23,85,Chưa nhận,TS0723,NV0014
CC0724,2025-06-23,85,Chưa nhận,TS0724,NV0016
CC0725,2025-06-20,95,Chưa nhận,TS0725,NV0007
CC0726,2025-06-20,95,Chưa nhận,TS0726,NV0014
CC0727,2025-06-20,81,Chưa nhận,TS0727,NV0001
CC0728,2025-06-20,91,Chưa nhận,TS0728,NV0007
CC0729,2025-06-20,90,Chưa nhận,TS0729,NV0016
CC0730,2025-06-20,94,Chưa nhận,TS0730,NV0001
CC0731,2025-06-20,95,Chưa nhận,TS0731,NV0001
CC0732,2025-06-20,85,Chưa nhận,TS0732,NV0007
CC0733,2025-06-20,99,Chưa nhận,TS0733,NV0002
CC0734,2025-06-20,91,Chưa nhận,TS0734,NV0002
CC0735,2025-06-20,100,Chưa nhận,TS0735,NV0014
CC0736,2025-06-20,92,Chưa nhận,TS0736,NV0002
CC0737,2025-06-20,90,Chưa nhận,TS0737,NV0015
CC0738,2025-06-20,84,Chưa nhận,TS0738,NV0007
CC0739,2025-06-20,83,Chưa nhận,TS0739,NV0015
CC0740,2025-06-20,88,Chưa nhận,TS0740,NV0010
CC0741,2025-06-20,83,Chưa nhận,TS0741,NV0012
CC0742,2025-06-20,93,Chưa nhận,TS0742,NV0010
CC0743,2025-06-20,85,Chưa nhận,TS0743,NV0001
CC0744,2025-06-20,99,Chưa nhận,TS0744,NV0010
CC0745,2025-05-14,85,Chưa nhận,TS0745,NV0014
CC0746,2025-05-14,83,Chưa nhận,TS0746,NV0001
CC0747,2025-05-14,90,Chưa nhận,TS0747,NV0016
CC0748,2025-05-14,89,Chưa nhận,TS0748,NV0007
CC0749,2025-05-14,97,Chưa nhận,TS0749,NV0014
CC0750,2025-05-14,100,Chưa nhận,TS0750,NV0007
CC0751,2025-05-14,80,Chưa nhận,TS0751,NV0002
CC0752,2025-05-14,84,Chưa nhận,TS0752,NV0014
CC0753,2025-05-14,89,Chưa nhận,TS0753,NV0001
CC0754,2025-05-14,86,Chưa nhận,TS0754,NV0001
CC0755,2025-05-14,96,Chưa nhận,TS0755,NV0007
CC0756,2025-05-14,82,Chưa nhận,TS0756,NV0001
CC0757,2025-05-14,91,Chưa nhận,TS0757,NV0016
CC0758,2025-05-14,84,Chưa nhận,TS0758,NV0010
CC0759,2025-05-14,94,Chưa nhận,TS0759,NV0007
CC0760,2025-05-14,89,Chưa nhận,TS0760,NV0014
CC0761,2025-05-14,86,Chưa nhận,TS0761,NV0016
CC0762,2025-05-14,83,Chưa nhận,TS0762,NV0016
CC0763,2025-06-25,86,Chưa nhận,TS0763,NV0010
CC0764,2025-06-25,86,Chưa nhận,TS0764,NV0003
CC0765,2025-06-25,99,Chưa nhận,TS0765,NV0016
CC0766,2025-06-25,93,Chưa nhận,TS0766,NV0002
CC0767,2025-06-25,99,Chưa nhận,TS0767,NV0010
CC0768,2025-06-25,93,Chưa nhận,TS0768,NV0010
CC0769,2025-06-25,95,Chưa nhận,TS0769,NV0007
CC0770,2025-06-25,81,Chưa nhận,TS0770,NV0016
CC0771,2025-06-25,80,Chưa nhận,TS0771,NV0016
CC0772,2025-06-20,99,Chưa nhận,TS0772,NV0007
CC0773,2025-06-20,84,Chưa nhận,TS0773,NV0014
CC0774,2025-06-20,93,Chưa nhận,TS0774,NV0002
CC0775,2025-06-20,88,Chưa nhận,TS0775,NV0001
CC0776,2025-06-20,91,Chưa nhận,TS0776,NV0016
CC0777,2025-06-20,98,Chưa nhận,TS0777,NV0012
CC0778,2025-06-20,88,Chưa nhận,TS0778,NV0001
CC0779,2025-06-20,98,Chưa nhận,TS0779,NV0001
CC0780,2025-06-20,86,Chưa nhận,TS0780,NV0002
CC0781,2025-06-20,86,Chưa nhận,TS0781,NV0016
CC0782,2025-06-20,86,Chưa nhận,TS0782,NV0016
CC0783,2025-06-20,90,Chưa nhận,TS0783,NV0014
CC0784,2025-06-20,82,Chưa nhận,TS0784,NV0003
CC0785,2025-06-20,100,Chưa nhận,TS0785,NV0012
CC0786,2025-06-20,95,Chưa nhận,TS0786,NV0001
CC0787,2025-06-20,97,Chưa nhận,TS0787,NV0007
CC0788,2025-06-20,83,Chưa nhận,TS0788,NV0002
CC0789,2025-06-20,87,Chưa nhận,TS0789,NV0007
CC0790,2025-06-10,99,Chưa nhận,TS0790,NV0014
CC0791,2025-06-10,94,Chưa nhận,TS0791,NV0007
CC0792,2025-06-10,93,Chưa nhận,TS0792,NV0007
CC0793,2025-06-10,83,Chưa nhận,TS0793,NV0002
CC0794,2025-06-10,89,Chưa nhận,TS0794,NV0002
CC0795,2025-06-10,97,Chưa nhận,TS0795,NV0016
CC0796,2025-06-10,87,Chưa nhận,TS0796,NV0002
CC0797,2025-06-10,98,Chưa nhận,TS0797,NV0001
CC0798,2025-06-10,91,Chưa nhận,TS0798,NV0003
CC0799,2025-06-10,92,Chưa nhận,TS0799,NV0001
CC0800,2025-05-13,100,Chưa nhận,TS0800,NV0003
CC0801,2025-05-13,84,Chưa nhận,TS0801,NV0015
CC0802,2025-05-13,93,Chưa nhận,TS0802,NV0016
CC0803,2025-05-13,92,Chưa nhận,TS0803,NV0007
CC0804,2025-05-13,84,Chưa nhận,TS0804,NV0003
CC0805,2025-05-13,94,Chưa nhận,TS0805,NV0002
CC0806,2025-05-13,90,Chưa nhận,TS0806,NV0016
CC0807,2025-05-13,81,Chưa nhận,TS0807,NV0015
CC0808,2025-05-13,82,Chưa nhận,TS0808,NV0012
CC0809,2025-05-13,89,Chưa nhận,TS0809,NV0002
CC0810,2025-05-13,85,Chưa nhận,TS0810,NV0003
CC0811,2025-05-13,90,Chưa nhận,TS0811,NV0012
CC0812,2025-05-13,98,Chưa nhận,TS0812,NV0016
CC0813,2025-05-13,85,Chưa nhận,TS0813,NV0001
CC0814,2025-05-13,82,Chưa nhận,TS0814,NV0007
CC0815,2025-05-13,98,Chưa nhận,TS0815,NV0012
CC0816,2025-05-13,88,Chưa nhận,TS0816,NV0010
CC0817,2025-05-13,90,Chưa nhận,TS0817,NV0010
CC0818,2025-05-13,93,Chưa nhận,TS0818,NV0003
CC0819,2025-06-06,98,Chưa nhận,TS0819,NV0012
CC0820,2025-06-06,85,Chưa nhận,TS0820,NV0002
CC0821,2025-06-06,83,Chưa nhận,TS0821,NV0001
CC0822,2025-06-06,89,Chưa nhận,TS0822,NV0015
CC0823,2025-06-06,84,Chưa nhận,TS0823,NV0002
CC0824,2025-05-15,81,Chưa nhận,TS0824,NV0003
CC0825,2025-05-15,86,Chưa nhận,TS0825,NV0010
CC0826,2025-05-15,98,Chưa nhận,TS0826,NV0007
CC0827,2025-05-15,86,Chưa nhận,TS0827,NV0015
CC0828,2025-05-15,89,Chưa nhận,TS0828,NV0016
CC0829,2025-05-15,86,Chưa nhận,TS0829,NV0003
CC0830,2025-05-15,94,Chưa nhận,TS0830,NV0001
CC0831,2025-05-15,93,Chưa nhận,TS0831,NV0015
CC0832,2025-05-15,92,Chưa nhận,TS0832,NV0002
CC0833,2025-05-15,100,Chưa nhận,TS0833,NV0001
CC0834,2025-05-15,82,Chưa nhận,TS0834,NV0010
CC0835,2025-05-15,80,Chưa nhận,TS0835,NV0015
CC0836,2025-05-13,98,Chưa nhận,TS0836,NV0003
CC0837,2025-05-13,84,Chưa nhận,TS0837,NV0015
CC0838,2025-05-13,80,Chưa nhận,TS0838,NV0012
CC0839,2025-05-13,80,Chưa nhận,TS0839,NV0003
CC0840,2025-05-13,92,Chưa nhận,TS0840,NV0016
CC0841,2025-05-13,81,Chưa nhận,TS0841,NV0015
CC0842,2025-05-13,81,Chưa nhận,TS0842,NV0012
CC0843,2025-05-13,80,Chưa nhận,TS0843,NV0012
CC0844,2025-05-13,83,Chưa nhận,TS0844,NV0007
CC0845,2025-05-13,80,Chưa nhận,TS0845,NV0003
CC0846,2025-05-13,99,Chưa nhận,TS0846,NV0015
CC0847,2025-05-13,89,Chưa nhận,TS0847,NV0002
CC0848,2025-05-13,81,Chưa nhận,TS0848,NV0001
CC0849,2025-05-13,91,Chưa nhận,TS0849,NV0001
CC0850,2025-05-13,90,Chưa nhận,TS0850,NV0010
CC0851,2025-05-13,87,Chưa nhận,TS0851,NV0002
CC0852,2025-05-13,85,Chưa nhận,TS0852,NV0010
CC0853,2025-05-13,83,Chưa nhận,TS0853,NV0014
CC0854,2025-05-13,80,Chưa nhận,TS0854,NV0007
CC0855,2025-05-13,95,Chưa nhận,TS0855,NV0007
CC0856,2025-05-13,83,Chưa nhận,TS0856,NV0010
CC0857,2025-05-31,88,Chưa nhận,TS0857,NV0014
CC0858,2025-05-31,91,Chưa nhận,TS0858,NV0014
CC0859,2025-05-31,94,Chưa nhận,TS0859,NV0002
CC0860,2025-05-31,94,Chưa nhận,TS0860,NV0015
CC0861,2025-05-31,85,Chưa nhận,TS0861,NV0015
CC0862,2025-05-31,87,Chưa nhận,TS0862,NV0002
CC0863,2025-06-20,90,Chưa nhận,TS0863,NV0010
CC0864,2025-06-20,96,Chưa nhận,TS0864,NV0002
CC0865,2025-06-20,93,Chưa nhận,TS0865,NV0014
CC0866,2025-06-20,98,Chưa nhận,TS0866,NV0012
CC0867,2025-06-20,94,Chưa nhận,TS0867,NV0002
CC0868,2025-06-20,88,Chưa nhận,TS0868,NV0010
CC0869,2025-06-20,98,Chưa nhận,TS0869,NV0001
CC0870,2025-06-20,94,Chưa nhận,TS0870,NV0003
CC0871,2025-06-20,80,Chưa nhận,TS0871,NV0001
CC0872,2025-06-20,94,Chưa nhận,TS0872,NV0007
CC0873,2025-06-20,92,Chưa nhận,TS0873,NV0015
CC0874,2025-06-20,86,Chưa nhận,TS0874,NV0012
CC0875,2025-06-20,86,Chưa nhận,TS0875,NV0015
CC0876,2025-06-20,80,Chưa nhận,TS0876,NV0016
CC0877,2025-06-20,91,Chưa nhận,TS0877,NV0014
CC0878,2025-06-20,82,Chưa nhận,TS0878,NV0007
CC0879,2025-06-20,80,Chưa nhận,TS0879,NV0012
CC0880,2025-06-20,86,Chưa nhận,TS0880,NV0016
CC0881,2025-06-20,97,Chưa nhận,TS0881,NV0007
CC0882,2025-07-04,97,Chưa nhận,TS0882,NV0007
CC0883,2025-07-04,83,Chưa nhận,TS0883,NV0015
CC0884,2025-07-04,99,Chưa nhận,TS0884,NV0012
CC0885,2025-07-04,94,Chưa nhận,TS0885,NV0015
CC0886,2025-07-04,92,Chưa nhận,TS0886,NV0012
CC0887,2025-07-04,93,Chưa nhận,TS0887,NV0010
CC0888,2025-07-04,87,Chưa nhận,TS0888,NV0010
CC0889,2025-07-04,84,Chưa nhận,TS0889,NV0015
CC0890,2025-07-04,80,Chưa nhận,TS0890,NV0010
CC0891,2025-07-04,89,Chưa nhận,TS0891,NV0001
CC0892,2025-07-04,81,Chưa nhận,TS0892,NV0002
CC0893,2025-07-04,87,Chưa nhận,TS0893,NV0010
CC0894,2025-07-04,81,Chưa nhận,TS0894,NV0001
CC0895,2025-07-04,87,Chưa nhận,TS0895,NV0007
CC0896,2025-07-04,89,Chưa nhận,TS0896,NV0016
CC0897,2025-07-04,80,Chưa nhận,TS0897,NV0016
CC0898,2025-07-04,82,Chưa nhận,TS0898,NV0010
CC0899,2025-05-27,93,Chưa nhận,TS0899,NV0010
CC0900,2025-05-27,85,Chưa nhận,TS0900,NV0012
CC0901,2025-05-27,95,Chưa nhận,TS0901,NV0012
CC0902,2025-05-27,91,Chưa nhận,TS0902,NV0014
CC0903,2025-05-27,93,Chưa nhận,TS0903,NV0002
CC0904,2025-05-27,89,Chưa nhận,TS0904,NV0012
CC0905,2025-05-27,82,Chưa nhận,TS0905,NV0002
CC0906,2025-05-27,82,Chưa nhận,TS0906,NV0001
CC0907,2025-05-27,81,Chưa nhận,TS0907,NV0007
CC0908,2025-05-27,98,Chưa nhận,TS0908,NV0010
CC0909,2025-05-20,80,Chưa nhận,TS0909,NV0014
CC0910,2025-05-20,80,Chưa nhận,TS0910,NV0014
CC0911,2025-05-20,84,Chưa nhận,TS0911,NV0014
CC0912,2025-05-20,99,Chưa nhận,TS0912,NV0014
CC0913,2025-05-20,99,Chưa nhận,TS0913,NV0010
CC0914,2025-05-20,97,Chưa nhận,TS0914,NV0010
CC0915,2025-05-20,97,Chưa nhận,TS0915,NV0003
CC0916,2025-05-20,98,Chưa nhận,TS0916,NV0014
CC0917,2025-05-20,89,Chưa nhận,TS0917,NV0001
CC0918,2025-05-20,82,Chưa nhận,TS0918,NV0014
CC0919,2025-05-20,89,Chưa nhận,TS0919,NV0001
CC0920,2025-05-20,80,Chưa nhận,TS0920,NV0016
CC0921,2025-05-20,93,Chưa nhận,TS0921,NV0002
CC0922,2025-05-20,95,Chưa nhận,TS0922,NV0003
CC0923,2025-05-20,80,Chưa nhận,TS0923,NV0010
CC0924,2025-05-20,81,Chưa nhận,TS0924,NV0012
CC0925,2025-05-20,87,Chưa nhận,TS0925,NV0003
CC0926,2025-05-20,99,Chưa nhận,TS0926,NV0012
CC0927,2025-07-07,98,Chưa nhận,TS0927,NV0015
CC0928,2025-07-07,86,Chưa nhận,TS0928,NV0015
CC0929,2025-07-07,95,Chưa nhận,TS0929,NV0016
CC0930,2025-07-07,87,Chưa nhận,TS0930,NV0010
CC0931,2025-07-07,100,Chưa nhận,TS0931,NV0016
CC0932,2025-07-07,87,Chưa nhận,TS0932,NV0012
CC0933,2025-07-07,86,Chưa nhận,TS0933,NV0002
CC0934,2025-06-25,81,Chưa nhận,TS0934,NV0003
CC0935,2025-06-25,92,Chưa nhận,TS0935,NV0001
CC0936,2025-06-25,97,Chưa nhận,TS0936,NV0010
CC0937,2025-06-25,87,Chưa nhận,TS0937,NV0007
CC0938,2025-06-25,85,Chưa nhận,TS0938,NV0015
CC0939,2025-06-25,94,Chưa nhận,TS0939,NV0015
CC0940,2025-06-25,84,Chưa nhận,TS0940,NV0012
CC0941,2025-06-25,97,Chưa nhận,TS0941,NV0002
CC0942,2025-06-25,96,Chưa nhận,TS0942,NV0003
CC0943,2025-06-25,95,Chưa nhận,TS0943,NV0015
CC0944,2025-06-25,90,Chưa nhận,TS0944,NV0010
CC0945,2025-06-25,90,Chưa nhận,TS0945,NV0015
CC0946,2025-06-25,93,Chưa nhận,TS0946,NV0007
CC0947,2025-06-25,96,Chưa nhận,TS0947,NV0012
CC0948,2025-06-25,100,Chưa nhận,TS0948,NV0016
CC0949,2025-06-25,86,Chưa nhận,TS0949,NV0001
CC0950,2025-06-25,86,Chưa nhận,TS0950,NV0002
CC0951,2025-06-25,80,Chưa nhận,TS0951,NV0001
CC0952,2025-06-25,94,Chưa nhận,TS0952,NV0007
CC0953,2025-06-25,89,Chưa nhận,TS0953,NV0014
CC0954,2025-06-25,85,Chưa nhận,TS0954,NV0002
CC0955,2025-06-25,93,Chưa nhận,TS0955,NV0014
CC0956,2025-07-02,91,Chưa nhận,TS0956,NV0003
CC0957,2025-07-02,98,Chưa nhận,TS0957,NV0010
CC0958,2025-07-02,90,Chưa nhận,TS0958,NV0015
CC0959,2025-07-02,87,Chưa nhận,TS0959,NV0002
CC0960,2025-07-02,100,Chưa nhận,TS0960,NV0012
CC0961,2025-07-02,88,Chưa nhận,TS0961,NV0002
CC0962,2025-06-30,80,Chưa nhận,TS0962,NV0001
CC0963,2025-06-30,91,Chưa nhận,TS0963,NV0002
CC0964,2025-06-30,91,Chưa nhận,TS0964,NV0007
CC0965,2025-06-30,95,Chưa nhận,TS0965,NV0010
CC0966,2025-06-30,98,Chưa nhận,TS0966,NV0002
CC0967,2025-06-30,94,Chưa nhận,TS0967,NV0003
CC0968,2025-06-30,89,Chưa nhận,TS0968,NV0003
CC0969,2025-06-30,90,Chưa nhận,TS0969,NV0016
CC0970,2025-06-30,87,Chưa nhận,TS0970,NV0016
CC0971,2025-06-30,80,Chưa nhận,TS0971,NV0010
CC0972,2025-06-30,87,Chưa nhận,TS0972,NV0001
CC0973,2025-06-30,84,Chưa nhận,TS0973,NV0001
CC0974,2025-06-30,97,Chưa nhận,TS0974,NV0015
CC0975,2025-06-30,83,Chưa nhận,TS0975,NV0002
CC0976,2025-06-30,92,Chưa nhận,TS0976,NV0002
CC0977,2025-06-30,95,Chưa nhận,TS0977,NV0007
CC0978,2025-06-30,80,Chưa nhận,TS0978,NV0014
CC0979,2025-06-30,86,Chưa nhận,TS0979,NV0016
CC0980,2025-06-30,81,Chưa nhận,TS0980,NV0003
CC0981,2025-05-28,89,Chưa nhận,TS0981,NV0012
CC0982,2025-05-28,83,Chưa nhận,TS0982,NV0003
CC0983,2025-05-28,100,Chưa nhận,TS0983,NV0002
CC0984,2025-05-28,90,Chưa nhận,TS0984,NV0016
CC0985,2025-05-28,94,Chưa nhận,TS0985,NV0007
CC0986,2025-05-28,81,Chưa nhận,TS0986,NV0007
CC0987,2025-05-28,82,Chưa nhận,TS0987,NV0010
CC0988,2025-05-28,87,Chưa nhận,TS0988,NV0014
CC0989,2025-05-28,93,Chưa nhận,TS0989,NV0001
CC0990,2025-05-28,97,Chưa nhận,TS0990,NV0014
CC0991,2025-05-28,97,Chưa nhận,TS0991,NV0010
CC0992,2025-05-28,89,Chưa nhận,TS0992,NV0010
CC0993,2025-05-28,85,Chưa nhận,TS0993,NV0014
CC0994,2025-05-28,91,Chưa nhận,TS0994,NV0002
CC0995,2025-05-28,97,Chưa nhận,TS0995,NV0014
CC0996,2025-05-28,94,Chưa nhận,TS0996,NV0012
CC0997,2025-05-28,81,Chưa nhận,TS0997,NV0010
CC0998,2025-05-28,87,Chưa nhận,TS0998,NV0001
CC0999,2025-05-14,99,Chưa nhận,TS0999,NV0007
CC1000,2025-05-14,93,Chưa nhận,TS1000,NV0016
CC1001,2025-05-14,82,Chưa nhận,TS1001,NV0007
CC1002,2025-05-14,86,Chưa nhận,TS1002,NV0001
CC1003,2025-05-14,83,Chưa nhận,TS1003,NV0015
CC1004,2025-05-14,87,Chưa nhận,TS1004,NV0002
CC1005,2025-05-14,97,Chưa nhận,TS1005,NV0003
CC1006,2025-05-14,93,Chưa nhận,TS1006,NV0014
CC1007,2025-05-14,92,Chưa nhận,TS1007,NV0015
CC1008,2025-05-14,83,Chưa nhận,TS1008,NV0001
CC1009,2025-05-14,81,Chưa nhận,TS1009,NV0007
CC1010,2025-05-14,82,Chưa nhận,TS1010,NV0001
CC1011,2025-05-14,88,Chưa nhận,TS1011,NV0014
CC1012,2025-05-14,85,Chưa nhận,TS1012,NV0003
CC1013,2025-05-14,83,Chưa nhận,TS1013,NV0016
CC1014,2025-05-14,96,Chưa nhận,TS1014,NV0002
CC1015,2025-05-14,86,Chưa nhận,TS1015,NV0001
CC1016,2025-05-14,80,Chưa nhận,TS1016,NV0002
CC1017,2025-05-14,93,Chưa nhận,TS1017,NV0014
CC1018,2025-05-14,98,Chưa nhận,TS1018,NV0016
CC1019,2025-05-14,80,Chưa nhận,TS1019,NV0001
CC1020,2025-05-14,88,Chưa nhận,TS1020,NV0012
CC1021,2025-06-22,91,Chưa nhận,TS1021,NV0010
CC1022,2025-06-22,96,Chưa nhận,TS1022,NV0012
CC1023,2025-06-22,89,Chưa nhận,TS1023,NV0002
CC1024,2025-06-22,100,Chưa nhận,TS1024,NV0001
CC1025,2025-06-22,81,Chưa nhận,TS1025,NV0015
CC1026,2025-06-22,93,Chưa nhận,TS1026,NV0012
CC1027,2025-06-22,87,Chưa nhận,TS1027,NV0010
CC1028,2025-06-22,94,Chưa nhận,TS1028,NV0007
CC1029,2025-06-22,91,Chưa nhận,TS1029,NV0012
CC1030,2025-06-22,81,Chưa nhận,TS1030,NV0007
CC1031,2025-06-22,90,Chưa nhận,TS1031,NV0007
CC1032,2025-06-22,89,Chưa nhận,TS1032,NV0007
CC1033,2025-06-22,94,Chưa nhận,TS1033,NV0010
CC1034,2025-06-22,82,Chưa nhận,TS1034,NV0001
CC1035,2025-06-22,81,Chưa nhận,TS1035,NV0010
CC1036,2025-06-22,98,Chưa nhận,TS1036,NV0016
CC1037,2025-06-22,89,Chưa nhận,TS1037,NV0012
CC1038,2025-06-22,98,Chưa nhận,TS1038,NV0012
CC1039,2025-06-22,98,Chưa nhận,TS1039,NV0012
CC1040,2025-06-22,80,Chưa nhận,TS1040,NV0015
CC1041,2025-06-06,93,Chưa nhận,TS1041,NV0015
CC1042,2025-06-06,83,Chưa nhận,TS1042,NV0001
CC1043,2025-06-06,96,Chưa nhận,TS1043,NV0015
CC1044,2025-06-06,84,Chưa nhận,TS1044,NV0015
CC1045,2025-06-06,94,Chưa nhận,TS1045,NV0016
CC1046,2025-06-06,94,Chưa nhận,TS1046,NV0007
CC1047,2025-06-06,87,Chưa nhận,TS1047,NV0003
CC1048,2025-06-06,85,Chưa nhận,TS1048,NV0002
CC1049,2025-06-06,89,Chưa nhận,TS1049,NV0012
CC1050,2025-06-06,85,Chưa nhận,TS1050,NV0010
CC1051,2025-06-06,95,Chưa nhận,TS1051,NV0003
CC1052,2025-06-06,93,Chưa nhận,TS1052,NV0014
CC1053,2025-06-06,81,Chưa nhận,TS1053,NV0010
CC1054,2025-06-06,87,Chưa nhận,TS1054,NV0007
CC1055,2025-06-06,90,Chưa nhận,TS1055,NV0010
CC1056,2025-06-06,88,Chưa nhận,TS1056,NV0016
CC1057,2025-06-06,92,Chưa nhận,TS1057,NV0007
CC1058,2025-06-06,83,Chưa nhận,TS1058,NV0003
CC1059,2025-06-21,84,Chưa nhận,TS1059,NV0014
CC1060,2025-06-21,87,Chưa nhận,TS1060,NV0012
CC1061,2025-06-21,89,Chưa nhận,TS1061,NV0007
CC1062,2025-06-21,81,Chưa nhận,TS1062,NV0001
CC1063,2025-06-21,88,Chưa nhận,TS1063,NV0012
CC1064,2025-06-21,88,Chưa nhận,TS1064,NV0016
CC1065,2025-06-21,99,Chưa nhận,TS1065,NV0002
CC1066,2025-06-21,91,Chưa nhận,TS1066,NV0014
CC1067,2025-06-21,87,Chưa nhận,TS1067,NV0010
CC1068,2025-06-21,99,Chưa nhận,TS1068,NV0001
CC1069,2025-06-21,92,Chưa nhận,TS1069,NV0002
CC1070,2025-06-21,91,Chưa nhận,TS1070,NV0015
CC1071,2025-06-21,98,Chưa nhận,TS1071,NV0007
CC1072,2025-06-21,84,Chưa nhận,TS1072,NV0016
CC1073,2025-06-21,90,Chưa nhận,TS1073,NV0002
CC1074,2025-06-21,95,Chưa nhận,TS1074,NV0012
CC1075,2025-05-28,84,Chưa nhận,TS1075,NV0014
CC1076,2025-05-28,87,Chưa nhận,TS1076,NV0001
CC1077,2025-05-28,99,Chưa nhận,TS1077,NV0014
CC1078,2025-05-28,84,Chưa nhận,TS1078,NV0014
CC1079,2025-05-28,89,Chưa nhận,TS1079,NV0010
CC1080,2025-05-28,83,Chưa nhận,TS1080,NV0001
CC1081,2025-05-28,100,Chưa nhận,TS1081,NV0007
CC1082,2025-05-28,81,Chưa nhận,TS1082,NV0002
CC1083,2025-05-28,97,Chưa nhận,TS1083,NV0012
CC1084,2025-05-28,84,Chưa nhận,TS1084,NV0001
CC1085,2025-05-28,99,Chưa nhận,TS1085,NV0015
CC1086,2025-05-28,100,Chưa nhận,TS1086,NV0002
CC1087,2025-05-28,90,Chưa nhận,TS1087,NV0010
CC1088,2025-05-28,82,Chưa nhận,TS1088,NV0001
CC1089,2025-05-28,88,Chưa nhận,TS1089,NV0015
CC1090,2025-05-28,97,Chưa nhận,TS1090,NV0002
CC1091,2025-05-28,92,Chưa nhận,TS1091,NV0014
CC1092,2025-05-28,95,Chưa nhận,TS1092,NV0007
CC1093,2025-05-28,80,Chưa nhận,TS1093,NV0002
CC1094,2025-05-19,88,Chưa nhận,TS1094,NV0010
CC1095,2025-05-19,97,Chưa nhận,TS1095,NV0002
CC1096,2025-05-19,90,Chưa nhận,TS1096,NV0001
CC1097,2025-05-19,82,Chưa nhận,TS1097,NV0007
CC1098,2025-05-19,86,Chưa nhận,TS1098,NV0014
CC1099,2025-05-19,98,Chưa nhận,TS1099,NV0007
CC1100,2025-05-19,100,Chưa nhận,TS1100,NV0012
CC1101,2025-05-19,86,Chưa nhận,TS1101,NV0012
CC1102,2025-05-19,91,Chưa nhận,TS1102,NV0002
CC1103,2025-05-19,99,Chưa nhận,TS1103,NV0010
CC1104,2025-05-19,82,Chưa nhận,TS1104,NV0001
CC1105,2025-05-19,93,Chưa nhận,TS1105,NV0001
CC1106,2025-05-19,89,Chưa nhận,TS1106,NV0003
CC1107,2025-05-19,93,Chưa nhận,TS1107,NV0016
CC1108,2025-07-06,96,Chưa nhận,TS1108,NV0001
CC1109,2025-07-06,94,Chưa nhận,TS1109,NV0002
CC1110,2025-07-06,80,Chưa nhận,TS1110,NV0003
CC1111,2025-07-06,90,Chưa nhận,TS1111,NV0014
CC1112,2025-07-06,92,Chưa nhận,TS1112,NV0007
CC1113,2025-07-06,80,Chưa nhận,TS1113,NV0002
CC1114,2025-07-06,89,Chưa nhận,TS1114,NV0003
CC1115,2025-07-06,92,Chưa nhận,TS1115,NV0002
CC1116,2025-07-06,87,Chưa nhận,TS1116,NV0001
CC1117,2025-07-06,98,Chưa nhận,TS1117,NV0010
CC1118,2025-07-06,97,Chưa nhận,TS1118,NV0014
CC1119,2025-07-06,86,Chưa nhận,TS1119,NV0010
CC1120,2025-07-06,100,Chưa nhận,TS1120,NV0014
CC1121,2025-07-06,87,Chưa nhận,TS1121,NV0014
CC1122,2025-07-06,94,Chưa nhận,TS1122,NV0007
CC1123,2025-06-02,100,Chưa nhận,TS1123,NV0014
CC1124,2025-06-02,96,Chưa nhận,TS1124,NV0003
CC1125,2025-06-02,100,Chưa nhận,TS1125,NV0015
CC1126,2025-06-02,82,Chưa nhận,TS1126,NV0007
CC1127,2025-06-02,82,Chưa nhận,TS1127,NV0016
CC1128,2025-06-02,81,Chưa nhận,TS1128,NV0015
CC1129,2025-06-02,84,Chưa nhận,TS1129,NV0003
CC1130,2025-06-02,96,Chưa nhận,TS1130,NV0012
CC1131,2025-06-02,80,Chưa nhận,TS1131,NV0014
CC1132,2025-06-02,95,Chưa nhận,TS1132,NV0016
CC1133,2025-06-02,82,Chưa nhận,TS1133,NV0012
CC1134,2025-06-02,84,Chưa nhận,TS1134,NV0012
CC1135,2025-06-02,92,Chưa nhận,TS1135,NV0012
CC1136,2025-05-13,86,Chưa nhận,TS1136,NV0002
CC1137,2025-05-13,95,Chưa nhận,TS1137,NV0007
CC1138,2025-05-13,95,Chưa nhận,TS1138,NV0012
CC1139,2025-05-13,98,Chưa nhận,TS1139,NV0016
CC1140,2025-05-13,87,Chưa nhận,TS1140,NV0016
CC1141,2025-05-13,93,Chưa nhận,TS1141,NV0003
CC1142,2025-05-13,87,Chưa nhận,TS1142,NV0015
CC1143,2025-05-13,87,Chưa nhận,TS1143,NV0016
CC1144,2025-05-13,87,Chưa nhận,TS1144,NV0007
CC1145,2025-05-13,87,Chưa nhận,TS1145,NV0002
CC1146,2025-05-13,93,Chưa nhận,TS1146,NV0015
CC1147,2025-05-13,88,Chưa nhận,TS1147,NV0003
CC1148,2025-05-13,84,Chưa nhận,TS1148,NV0014
CC1149,2025-05-13,86,Chưa nhận,TS1149,NV0001
CC1150,2025-05-13,95,Chưa nhận,TS1150,NV0015
CC1151,2025-05-13,100,Chưa nhận,TS1151,NV0007
CC1152,2025-05-13,83,Chưa nhận,TS1152,NV0001
CC1153,2025-05-13,92,Chưa nhận,TS1153,NV0014
CC1154,2025-05-13,82,Chưa nhận,TS1154,NV0016
CC1155,2025-05-13,92,Chưa nhận,TS1155,NV0007
CC1156,2025-06-30,87,Chưa nhận,TS1156,NV0003
CC1157,2025-06-30,89,Chưa nhận,TS1157,NV0007
CC1158,2025-06-30,87,Chưa nhận,TS1158,NV0001
CC1159,2025-06-30,96,Chưa nhận,TS1159,NV0010
CC1160,2025-06-30,100,Chưa nhận,TS1160,NV0015
CC1161,2025-06-30,87,Chưa nhận,TS1161,NV0014
CC1162,2025-06-30,97,Chưa nhận,TS1162,NV0016
CC1163,2025-07-07,87,Chưa nhận,TS1163,NV0001
CC1164,2025-07-07,93,Chưa nhận,TS1164,NV0014
CC1165,2025-07-07,80,Chưa nhận,TS1165,NV0003
CC1166,2025-07-07,93,Chưa nhận,TS1166,NV0014
CC1167,2025-07-07,83,Chưa nhận,TS1167,NV0010
CC1168,2025-07-07,91,Chưa nhận,TS1168,NV0016
CC1169,2025-06-04,85,Chưa nhận,TS1169,NV0016
CC1170,2025-06-04,86,Chưa nhận,TS1170,NV0010
CC1171,2025-06-04,87,Chưa nhận,TS1171,NV0007
CC1172,2025-06-04,84,Chưa nhận,TS1172,NV0012
CC1173,2025-06-04,98,Chưa nhận,TS1173,NV0014
CC1174,2025-06-04,88,Chưa nhận,TS1174,NV0002
CC1175,2025-06-04,98,Chưa nhận,TS1175,NV0003
CC1176,2025-06-04,95,Chưa nhận,TS1176,NV0014
CC1177,2025-06-04,80,Chưa nhận,TS1177,NV0012
CC1178,2025-06-04,98,Chưa nhận,TS1178,NV0015
CC1179,2025-06-04,82,Chưa nhận,TS1179,NV0007
CC1180,2025-06-04,93,Chưa nhận,TS1180,NV0003
CC1181,2025-06-04,85,Chưa nhận,TS1181,NV0007
CC1182,2025-06-04,98,Chưa nhận,TS1182,NV0003
CC1183,2025-06-04,91,Chưa nhận,TS1183,NV0002
CC1184,2025-06-04,84,Chưa nhận,TS1184,NV0014
CC1185,2025-06-04,95,Chưa nhận,TS1185,NV0001
CC1186,2025-06-04,91,Chưa nhận,TS1186,NV0010
CC1187,2025-06-06,88,Chưa nhận,TS1187,NV0002
CC1188,2025-06-06,86,Chưa nhận,TS1188,NV0007
CC1189,2025-06-06,90,Chưa nhận,TS1189,NV0003
CC1190,2025-06-06,84,Chưa nhận,TS1190,NV0003
CC1191,2025-06-06,91,Chưa nhận,TS1191,NV0014
CC1192,2025-06-06,89,Chưa nhận,TS1192,NV0001
CC1193,2025-06-06,95,Chưa nhận,TS1193,NV0007
CC1194,2025-06-06,87,Chưa nhận,TS1194,NV0003
CC1195,2025-06-06,80,Chưa nhận,TS1195,NV0010
CC1196,2025-06-06,100,Chưa nhận,TS1196,NV0001
CC1197,2025-06-06,83,Chưa nhận,TS1197,NV0010
CC1198,2025-06-06,98,Chưa nhận,TS1198,NV0003
CC1199,2025-06-06,88,Chưa nhận,TS1199,NV0003
CC1200,2025-06-06,88,Chưa nhận,TS1200,NV0012
CC1201,2025-06-06,93,Chưa nhận,TS1201,NV0012
CC1202,2025-06-06,85,Chưa nhận,TS1202,NV0002
CC1203,2025-06-06,83,Chưa nhận,TS1203,NV0012
CC1204,2025-06-06,90,Chưa nhận,TS1204,NV0010
CC1205,2025-06-06,80,Chưa nhận,TS1205,NV0003
CC1206,2025-06-06,98,Chưa nhận,TS1206,NV0007
CC1207,2025-06-06,90,Chưa nhận,TS1207,NV0001
CC1208,2025-06-06,85,Chưa nhận,TS1208,NV0001
CC1209,2025-07-07,84,Chưa nhận,TS1209,NV0012
CC1210,2025-07-07,80,Chưa nhận,TS1210,NV0007
CC1211,2025-07-07,90,Chưa nhận,TS1211,NV0007
CC1212,2025-07-07,96,Chưa nhận,TS1212,NV0010
CC1213,2025-07-07,94,Chưa nhận,TS1213,NV0003
CC1214,2025-07-07,97,Chưa nhận,TS1214,NV0012
CC1215,2025-07-07,97,Chưa nhận,TS1215,NV0002
CC1216,2025-07-07,95,Chưa nhận,TS1216,NV0015
CC1217,2025-07-07,95,Chưa nhận,TS1217,NV0014
CC1218,2025-07-07,96,Chưa nhận,TS1218,NV0001
CC1219,2025-07-07,84,Chưa nhận,TS1219,NV0015
CC1220,2025-07-07,89,Chưa nhận,TS1220,NV0012
CC1221,2025-07-07,95,Chưa nhận,TS1221,NV0010
CC1222,2025-07-07,96,Chưa nhận,TS1222,NV0010
CC1223,2025-05-19,100,Chưa nhận,TS1223,NV0014
CC1224,2025-05-19,89,Chưa nhận,TS1224,NV0001
CC1225,2025-05-19,80,Chưa nhận,TS1225,NV0003
CC1226,2025-05-19,95,Chưa nhận,TS1226,NV0001
CC1227,2025-05-19,100,Chưa nhận,TS1227,NV0003
CC1228,2025-05-19,80,Chưa nhận,TS1228,NV0002
CC1229,2025-05-19,88,Chưa nhận,TS1229,NV0015
CC1230,2025-05-19,83,Chưa nhận,TS1230,NV0010
CC1231,2025-05-19,80,Chưa nhận,TS1231,NV0014
CC1232,2025-05-19,82,Chưa nhận,TS1232,NV0010
CC1233,2025-05-19,100,Chưa nhận,TS1233,NV0002
CC1234,2025-05-19,89,Chưa nhận,TS1234,NV0002
CC1235,2025-05-19,97,Chưa nhận,TS1235,NV0007
CC1236,2025-06-04,83,Chưa nhận,TS1236,NV0007
CC1237,2025-06-04,83,Chưa nhận,TS1237,NV0014
CC1238,2025-06-04,100,Chưa nhận,TS1238,NV0015
CC1239,2025-06-04,96,Chưa nhận,TS1239,NV0012
CC1240,2025-06-04,90,Chưa nhận,TS1240,NV0015
CC1241,2025-06-04,88,Chưa nhận,TS1241,NV0007
CC1242,2025-06-04,87,Chưa nhận,TS1242,NV0003
CC1243,2025-05-18,87,Chưa nhận,TS1243,NV0012
CC1244,2025-05-18,82,Chưa nhận,TS1244,NV0014
CC1245,2025-05-18,86,Chưa nhận,TS1245,NV0015
CC1246,2025-05-18,92,Chưa nhận,TS1246,NV0003
CC1247,2025-05-18,96,Chưa nhận,TS1247,NV0001
CC1248,2025-05-18,99,Chưa nhận,TS1248,NV0001
CC1249,2025-05-18,89,Chưa nhận,TS1249,NV0007
CC1250,2025-05-18,91,Chưa nhận,TS1250,NV0014
CC1251,2025-05-18,94,Chưa nhận,TS1251,NV0002
CC1252,2025-05-18,90,Chưa nhận,TS1252,NV0007
CC1253,2025-05-18,91,Chưa nhận,TS1253,NV0003
CC1254,2025-05-18,91,Chưa nhận,TS1254,NV0015
CC1255,2025-05-18,91,Chưa nhận,TS1255,NV0002
CC1256,2025-06-03,80,Chưa nhận,TS1256,NV0003
CC1257,2025-06-03,94,Chưa nhận,TS1257,NV0016
CC1258,2025-06-03,93,Chưa nhận,TS1258,NV0014
CC1259,2025-06-03,97,Chưa nhận,TS1259,NV0015
CC1260,2025-06-03,85,Chưa nhận,TS1260,NV0015
CC1261,2025-06-03,83,Chưa nhận,TS1261,NV0016
CC1262,2025-06-03,88,Chưa nhận,TS1262,NV0003
CC1263,2025-06-03,90,Chưa nhận,TS1263,NV0012
CC1264,2025-06-03,96,Chưa nhận,TS1264,NV0014
CC1265,2025-06-03,87,Chưa nhận,TS1265,NV0016
CC1266,2025-06-03,87,Chưa nhận,TS1266,NV0007
CC1267,2025-06-03,81,Chưa nhận,TS1267,NV0003
CC1268,2025-06-03,81,Chưa nhận,TS1268,NV0001
CC1269,2025-06-03,81,Chưa nhận,TS1269,NV0010
CC1270,2025-06-03,97,Chưa nhận,TS1270,NV0016
CC1271,2025-06-03,82,Chưa nhận,TS1271,NV0007
CC1272,2025-06-03,93,Chưa nhận,TS1272,NV0007
CC1273,2025-05-13,87,Chưa nhận,TS1273,NV0012
CC1274,2025-05-13,100,Chưa nhận,TS1274,NV0012
CC1275,2025-05-13,83,Chưa nhận,TS1275,NV0002
CC1276,2025-05-13,96,Chưa nhận,TS1276,NV0016
CC1277,2025-05-13,96,Chưa nhận,TS1277,NV0012
CC1278,2025-05-13,95,Chưa nhận,TS1278,NV0001
CC1279,2025-06-06,88,Chưa nhận,TS1279,NV0014
CC1280,2025-06-06,88,Chưa nhận,TS1280,NV0002
CC1281,2025-06-06,96,Chưa nhận,TS1281,NV0007
CC1282,2025-06-06,83,Chưa nhận,TS1282,NV0007
CC1283,2025-06-06,86,Chưa nhận,TS1283,NV0001
CC1284,2025-06-06,80,Chưa nhận,TS1284,NV0015
CC1285,2025-06-06,85,Chưa nhận,TS1285,NV0001
CC1286,2025-06-06,83,Chưa nhận,TS1286,NV0012
CC1287,2025-06-06,99,Chưa nhận,TS1287,NV0002
CC1288,2025-06-06,91,Chưa nhận,TS1288,NV0007
CC1289,2025-06-06,83,Chưa nhận,TS1289,NV0015
CC1290,2025-06-06,89,Chưa nhận,TS1290,NV0003
CC1291,2025-06-06,83,Chưa nhận,TS1291,NV0012
CC1292,2025-06-06,89,Chưa nhận,TS1292,NV0002
CC1293,2025-06-06,81,Chưa nhận,TS1293,NV0007
CC1294,2025-06-06,92,Chưa nhận,TS1294,NV0001
CC1295,2025-06-06,84,Chưa nhận,TS1295,NV0003
CC1296,2025-06-06,98,Chưa nhận,TS1296,NV0012
CC1297,2025-06-06,94,Chưa nhận,TS1297,NV0012
CC1298,2025-06-06,82,Chưa nhận,TS1298,NV0015
CC1299,2025-06-27,84,Chưa nhận,TS1299,NV0014
CC1300,2025-06-27,94,Chưa nhận,TS1300,NV0002
CC1301,2025-06-27,90,Chưa nhận,TS1301,NV0014
CC1302,2025-06-27,86,Chưa nhận,TS1302,NV0003
CC1303,2025-06-27,89,Chưa nhận,TS1303,NV0016
CC1304,2025-06-27,80,Chưa nhận,TS1304,NV0014
CC1305,2025-06-27,100,Chưa nhận,TS1305,NV0002
CC1306,2025-06-27,89,Chưa nhận,TS1306,NV0001
CC1307,2025-06-27,97,Chưa nhận,TS1307,NV0003
CC1308,2025-06-27,83,Chưa nhận,TS1308,NV0016
CC1309,2025-06-27,91,Chưa nhận,TS1309,NV0001
CC1310,2025-06-27,83,Chưa nhận,TS1310,NV0001
CC1311,2025-06-27,96,Chưa nhận,TS1311,NV0016
CC1312,2025-06-27,93,Chưa nhận,TS1312,NV0016
CC1313,2025-06-27,100,Chưa nhận,TS1313,NV0010
CC1314,2025-06-27,88,Chưa nhận,TS1314,NV0014
CC1315,2025-06-27,100,Chưa nhận,TS1315,NV0016
CC1316,2025-06-27,90,Chưa nhận,TS1316,NV0015
CC1317,2025-06-11,91,Chưa nhận,TS1317,NV0002
CC1318,2025-06-11,93,Chưa nhận,TS1318,NV0002
CC1319,2025-06-11,85,Chưa nhận,TS1319,NV0015
CC1320,2025-06-11,85,Chưa nhận,TS1320,NV0012
CC1321,2025-06-11,90,Chưa nhận,TS1321,NV0012
CC1322,2025-06-11,88,Chưa nhận,TS1322,NV0016
CC1323,2025-06-11,84,Chưa nhận,TS1323,NV0003
CC1324,2025-06-11,83,Chưa nhận,TS1324,NV0016
CC1325,2025-06-11,98,Chưa nhận,TS1325,NV0007
CC1326,2025-06-11,90,Chưa nhận,TS1326,NV0007
CC1327,2025-06-11,90,Chưa nhận,TS1327,NV0001
CC1328,2025-06-11,95,Chưa nhận,TS1328,NV0012
CC1329,2025-07-02,83,Chưa nhận,TS1329,NV0007
CC1330,2025-07-02,97,Chưa nhận,TS1330,NV0012
CC1331,2025-07-02,90,Chưa nhận,TS1331,NV0003
CC1332,2025-07-02,96,Chưa nhận,TS1332,NV0007
CC1333,2025-07-02,95,Chưa nhận,TS1333,NV0007
CC1334,2025-07-02,91,Chưa nhận,TS1334,NV0002
CC1335,2025-07-02,81,Chưa nhận,TS1335,NV0016
CC1336,2025-07-02,94,Chưa nhận,TS1336,NV0016
CC1337,2025-07-02,81,Chưa nhận,TS1337,NV0010
CC1338,2025-07-02,83,Chưa nhận,TS1338,NV0010
CC1339,2025-07-02,80,Chưa nhận,TS1339,NV0016
CC1340,2025-07-02,81,Chưa nhận,TS1340,NV0010
CC1341,2025-07-02,86,Chưa nhận,TS1341,NV0016
CC1342,2025-07-02,92,Chưa nhận,TS1342,NV0015
CC1343,2025-07-02,96,Chưa nhận,TS1343,NV0003
CC1344,2025-07-02,87,Chưa nhận,TS1344,NV0007
CC1345,2025-07-02,100,Chưa nhận,TS1345,NV0007
CC1346,2025-07-02,87,Chưa nhận,TS1346,NV0003
CC1347,2025-07-02,93,Chưa nhận,TS1347,NV0002
CC1348,2025-05-15,92,Chưa nhận,TS1348,NV0012
CC1349,2025-05-15,94,Chưa nhận,TS1349,NV0012
CC1350,2025-05-15,82,Chưa nhận,TS1350,NV0015
CC1351,2025-05-15,87,Chưa nhận,TS1351,NV0002
CC1352,2025-05-15,85,Chưa nhận,TS1352,NV0015
CC1353,2025-05-15,80,Chưa nhận,TS1353,NV0016
CC1354,2025-05-15,94,Chưa nhận,TS1354,NV0002
CC1355,2025-05-15,93,Chưa nhận,TS1355,NV0001
CC1356,2025-05-15,83,Chưa nhận,TS1356,NV0003
CC1357,2025-05-15,97,Chưa nhận,TS1357,NV0001
CC1358,2025-05-15,100,Chưa nhận,TS1358,NV0014
CC1359,2025-05-15,82,Chưa nhận,TS1359,NV0010
CC1360,2025-05-15,99,Chưa nhận,TS1360,NV0007
CC1361,2025-05-15,85,Chưa nhận,TS1361,NV0016
CC1362,2025-05-15,81,Chưa nhận,TS1362,NV0016
CC1363,2025-06-06,88,Chưa nhận,TS1363,NV0016
CC1364,2025-06-06,100,Chưa nhận,TS1364,NV0010
CC1365,2025-06-06,82,Chưa nhận,TS1365,NV0016
CC1366,2025-06-06,95,Chưa nhận,TS1366,NV0014
CC1367,2025-06-06,89,Chưa nhận,TS1367,NV0003
CC1368,2025-06-06,92,Chưa nhận,TS1368,NV0010
CC1369,2025-06-06,82,Chưa nhận,TS1369,NV0002
CC1370,2025-06-06,84,Chưa nhận,TS1370,NV0015
CC1371,2025-06-06,94,Chưa nhận,TS1371,NV0001
CC1372,2025-06-06,85,Chưa nhận,TS1372,NV0016
CC1373,2025-06-06,86,Chưa nhận,TS1373,NV0007
CC1374,2025-06-06,85,Chưa nhận,TS1374,NV0007
CC1375,2025-06-06,83,Chưa nhận,TS1375,NV0007
CC1376,2025-06-06,89,Chưa nhận,TS1376,NV0014
CC1377,2025-06-09,94,Chưa nhận,TS1377,NV0003
CC1378,2025-06-09,87,Chưa nhận,TS1378,NV0003
CC1379,2025-06-09,83,Chưa nhận,TS1379,NV0012
CC1380,2025-06-09,91,Chưa nhận,TS1380,NV0007
CC1381,2025-06-09,83,Chưa nhận,TS1381,NV0003
CC1382,2025-06-09,95,Chưa nhận,TS1382,NV0010
CC1383,2025-06-09,97,Chưa nhận,TS1383,NV0003
CC1384,2025-06-09,98,Chưa nhận,TS1384,NV0002
CC1385,2025-06-05,90,Chưa nhận,TS1385,NV0007
CC1386,2025-06-05,96,Chưa nhận,TS1386,NV0003
CC1387,2025-06-05,82,Chưa nhận,TS1387,NV0015
CC1388,2025-06-05,85,Chưa nhận,TS1388,NV0001
CC1389,2025-06-05,84,Chưa nhận,TS1389,NV0001
CC1390,2025-06-05,86,Chưa nhận,TS1390,NV0002
CC1391,2025-06-05,81,Chưa nhận,TS1391,NV0012
CC1392,2025-06-05,82,Chưa nhận,TS1392,NV0014
CC1393,2025-06-05,90,Chưa nhận,TS1393,NV0010
CC1394,2025-06-05,81,Chưa nhận,TS1394,NV0002
CC1395,2025-05-16,99,Chưa nhận,TS1395,NV0014
CC1396,2025-05-16,82,Chưa nhận,TS1396,NV0003
CC1397,2025-05-16,97,Chưa nhận,TS1397,NV0007
CC1398,2025-05-16,93,Chưa nhận,TS1398,NV0010
CC1399,2025-05-16,84,Chưa nhận,TS1399,NV0012
CC1400,2025-05-16,100,Chưa nhận,TS1400,NV0016
CC1401,2025-05-16,100,Chưa nhận,TS1401,NV0014
CC1402,2025-05-16,86,Chưa nhận,TS1402,NV0007
CC1403,2025-05-16,87,Chưa nhận,TS1403,NV0003
CC1404,2025-05-16,85,Chưa nhận,TS1404,NV0010
CC1405,2025-05-16,91,Chưa nhận,TS1405,NV0012
CC1406,2025-05-16,85,Chưa nhận,TS1406,NV0003
CC1407,2025-05-16,84,Chưa nhận,TS1407,NV0002
CC1408,2025-05-16,100,Chưa nhận,TS1408,NV0015
CC1409,2025-05-16,100,Chưa nhận,TS1409,NV0014
CC1410,2025-05-16,89,Chưa nhận,TS1410,NV0015
CC1411,2025-05-16,94,Chưa nhận,TS1411,NV0007
CC1412,2025-05-16,85,Chưa nhận,TS1412,NV0016
CC1413,2025-05-16,82,Chưa nhận,TS1413,NV0007
CC1414,2025-05-16,85,Chưa nhận,TS1414,NV0007
CC1415,2025-05-16,93,Chưa nhận,TS1415,NV0012
CC1416,2025-05-16,80,Chưa nhận,TS1416,NV0002
CC1417,2025-05-18,82,Chưa nhận,TS1417,NV0014
CC1418,2025-05-18,88,Chưa nhận,TS1418,NV0010
CC1419,2025-05-18,99,Chưa nhận,TS1419,NV0016
CC1420,2025-05-18,90,Chưa nhận,TS1420,NV0007
CC1421,2025-05-18,87,Chưa nhận,TS1421,NV0002
CC1422,2025-05-18,89,Chưa nhận,TS1422,NV0002
CC1423,2025-05-18,87,Chưa nhận,TS1423,NV0014
CC1424,2025-05-18,91,Chưa nhận,TS1424,NV0002
CC1425,2025-05-18,93,Chưa nhận,TS1425,NV0016
CC1426,2025-05-18,94,Chưa nhận,TS1426,NV0014
CC1427,2025-05-18,95,Chưa nhận,TS1427,NV0007
CC1428,2025-06-06,81,Chưa nhận,TS1428,NV0007
CC1429,2025-06-06,98,Chưa nhận,TS1429,NV0012
CC1430,2025-06-06,99,Chưa nhận,TS1430,NV0012
CC1431,2025-06-06,100,Chưa nhận,TS1431,NV0003
CC1432,2025-06-06,84,Chưa nhận,TS1432,NV0003
CC1433,2025-06-06,81,Chưa nhận,TS1433,NV0012
CC1434,2025-06-06,98,Chưa nhận,TS1434,NV0007
CC1435,2025-05-21,96,Chưa nhận,TS1435,NV0012
CC1436,2025-05-21,93,Chưa nhận,TS1436,NV0015
CC1437,2025-05-21,85,Chưa nhận,TS1437,NV0014
CC1438,2025-05-21,93,Chưa nhận,TS1438,NV0001
CC1439,2025-05-21,90,Chưa nhận,TS1439,NV0012
CC1440,2025-05-21,96,Chưa nhận,TS1440,NV0001
CC1441,2025-05-21,81,Chưa nhận,TS1441,NV0002
CC1442,2025-05-11,82,Chưa nhận,TS1442,NV0001
CC1443,2025-05-11,80,Chưa nhận,TS1443,NV0002
CC1444,2025-05-11,98,Chưa nhận,TS1444,NV0015
CC1445,2025-05-11,90,Chưa nhận,TS1445,NV0010
CC1446,2025-05-11,83,Chưa nhận,TS1446,NV0015
CC1447,2025-05-11,100,Chưa nhận,TS1447,NV0010
CC1448,2025-05-11,90,Chưa nhận,TS1448,NV0003
CC1449,2025-05-11,97,Chưa nhận,TS1449,NV0003
CC1450,2025-05-11,80,Chưa nhận,TS1450,NV0010
CC1451,2025-05-11,85,Chưa nhận,TS1451,NV0002
CC1452,2025-05-11,98,Chưa nhận,TS1452,NV0001
CC1453,2025-05-11,87,Chưa nhận,TS1453,NV0007
CC1454,2025-05-11,94,Chưa nhận,TS1454,NV0007
CC1455,2025-05-11,84,Chưa nhận,TS1455,NV0014
CC1456,2025-05-11,96,Chưa nhận,TS1456,NV0015
CC1457,2025-05-11,89,Chưa nhận,TS1457,NV0001
CC1458,2025-05-11,88,Chưa nhận,TS1458,NV0016
CC1459,2025-05-11,99,Chưa nhận,TS1459,NV0007
CC1460,2025-05-11,86,Chưa nhận,TS1460,NV0001
CC1461,2025-05-11,80,Chưa nhận,TS1461,NV0007
CC1462,2025-05-11,98,Chưa nhận,TS1462,NV0014
CC1463,2025-05-25,92,Chưa nhận,TS1463,NV0016
CC1464,2025-05-25,95,Chưa nhận,TS1464,NV0001
CC1465,2025-05-25,97,Chưa nhận,TS1465,NV0012
CC1466,2025-05-25,88,Chưa nhận,TS1466,NV0012
CC1467,2025-05-25,91,Chưa nhận,TS1467,NV0014
CC1468,2025-05-25,93,Chưa nhận,TS1468,NV0014
CC1469,2025-05-25,82,Chưa nhận,TS1469,NV0015
CC1470,2025-05-25,80,Chưa nhận,TS1470,NV0001
CC1471,2025-05-25,82,Chưa nhận,TS1471,NV0016
CC1472,2025-05-25,89,Chưa nhận,TS1472,NV0002
CC1473,2025-05-25,98,Chưa nhận,TS1473,NV0012
CC1474,2025-05-25,91,Chưa nhận,TS1474,NV0003
CC1475,2025-05-25,97,Chưa nhận,TS1475,NV0012
CC1476,2025-05-25,88,Chưa nhận,TS1476,NV0001
CC1477,2025-05-25,81,Chưa nhận,TS1477,NV0001
CC1478,2025-05-25,94,Chưa nhận,TS1478,NV0010
CC1479,2025-05-25,100,Chưa nhận,TS1479,NV0012
CC1480,2025-05-18,87,Chưa nhận,TS1480,NV0001
CC1481,2025-05-18,82,Chưa nhận,TS1481,NV0012
CC1482,2025-05-18,84,Chưa nhận,TS1482,NV0010
CC1483,2025-05-18,91,Chưa nhận,TS1483,NV0007
CC1484,2025-05-18,83,Chưa nhận,TS1484,NV0010
CC1485,2025-05-18,87,Chưa nhận,TS1485,NV0016
CC1486,2025-05-18,95,Chưa nhận,TS1486,NV0007
CC1487,2025-06-09,89,Chưa nhận,TS1487,NV0016
CC1488,2025-06-09,91,Chưa nhận,TS1488,NV0014
CC1489,2025-06-09,83,Chưa nhận,TS1489,NV0012
CC1490,2025-06-09,97,Chưa nhận,TS1490,NV0016
CC1491,2025-06-09,87,Chưa nhận,TS1491,NV0001
CC1492,2025-06-09,90,Chưa nhận,TS1492,NV0003
CC1493,2025-06-09,90,Chưa nhận,TS1493,NV0010
CC1494,2025-06-20,96,Chưa nhận,TS1494,NV0003
CC1495,2025-06-20,99,Chưa nhận,TS1495,NV0003
CC1496,2025-06-20,92,Chưa nhận,TS1496,NV0010
CC1497,2025-06-20,94,Chưa nhận,TS1497,NV0016
CC1498,2025-06-20,83,Chưa nhận,TS1498,NV0002
CC1499,2025-06-20,92,Chưa nhận,TS1499,NV0015
CC1500,2025-06-20,100,Chưa nhận,TS1500,NV0012
CC1501,2025-06-20,83,Chưa nhận,TS1501,NV0010
CC1502,2025-06-20,90,Chưa nhận,TS1502,NV0012
CC1503,2025-06-20,100,Chưa nhận,TS1503,NV0015
CC1504,2025-06-20,92,Chưa nhận,TS1504,NV0012
CC1505,2025-06-20,85,Chưa nhận,TS1505,NV0003
CC1506,2025-06-20,99,Chưa nhận,TS1506,NV0002
CC1507,2025-06-20,84,Chưa nhận,TS1507,NV0016
CC1508,2025-06-20,86,Chưa nhận,TS1508,NV0012
CC1509,2025-06-20,80,Chưa nhận,TS1509,NV0001
CC1510,2025-06-20,97,Chưa nhận,TS1510,NV0007
CC1511,2025-06-20,85,Chưa nhận,TS1511,NV0007
CC1512,2025-06-20,100,Chưa nhận,TS1512,NV0001
CC1513,2025-06-20,98,Chưa nhận,TS1513,NV0015
CC1514,2025-06-20,83,Chưa nhận,TS1514,NV0001
CC1515,2025-06-20,86,Chưa nhận,TS1515,NV0016
CC1516,2025-05-14,92,Chưa nhận,TS1516,NV0007
CC1517,2025-05-14,83,Chưa nhận,TS1517,NV0016
CC1518,2025-05-14,92,Chưa nhận,TS1518,NV0010
CC1519,2025-05-14,86,Chưa nhận,TS1519,NV0010
CC1520,2025-05-14,91,Chưa nhận,TS1520,NV0016
CC1521,2025-05-14,88,Chưa nhận,TS1521,NV0007
CC1522,2025-05-14,81,Chưa nhận,TS1522,NV0003
CC1523,2025-05-14,96,Chưa nhận,TS1523,NV0014
CC1524,2025-05-14,83,Chưa nhận,TS1524,NV0002
CC1525,2025-05-14,94,Chưa nhận,TS1525,NV0001
CC1526,2025-05-14,82,Chưa nhận,TS1526,NV0010
CC1527,2025-05-14,98,Chưa nhận,TS1527,NV0010
CC1528,2025-05-14,82,Chưa nhận,TS1528,NV0012
CC1529,2025-05-14,83,Chưa nhận,TS1529,NV0002
CC1530,2025-05-14,87,Chưa nhận,TS1530,NV0014
CC1531,2025-05-14,90,Chưa nhận,TS1531,NV0007
CC1532,2025-05-14,93,Chưa nhận,TS1532,NV0014
CC1533,2025-05-14,92,Chưa nhận,TS1533,NV0003
CC1534,2025-05-14,95,Chưa nhận,TS1534,NV0016
CC1535,2025-06-01,92,Chưa nhận,TS1535,NV0014
CC1536,2025-06-01,93,Chưa nhận,TS1536,NV0015
CC1537,2025-06-01,100,Chưa nhận,TS1537,NV0007
CC1538,2025-06-01,91,Chưa nhận,TS1538,NV0001
CC1539,2025-06-01,98,Chưa nhận,TS1539,NV0016
CC1540,2025-06-01,81,Chưa nhận,TS1540,NV0014
CC1541,2025-06-01,89,Chưa nhận,TS1541,NV0016
CC1542,2025-06-01,100,Chưa nhận,TS1542,NV0003
CC1543,2025-06-01,90,Chưa nhận,TS1543,NV0016
CC1544,2025-06-01,84,Chưa nhận,TS1544,NV0002
CC1545,2025-06-01,86,Chưa nhận,TS1545,NV0012
CC1546,2025-06-01,98,Chưa nhận,TS1546,NV0010
CC1547,2025-06-01,94,Chưa nhận,TS1547,NV0010
CC1548,2025-06-01,85,Chưa nhận,TS1548,NV0001
CC1549,2025-06-01,85,Chưa nhận,TS1549,NV0015
CC1550,2025-06-26,83,Chưa nhận,TS1550,NV0003
CC1551,2025-06-26,92,Chưa nhận,TS1551,NV0012
CC1552,2025-06-26,94,Chưa nhận,TS1552,NV0001
CC1553,2025-06-26,91,Chưa nhận,TS1553,NV0010
CC1554,2025-06-26,84,Chưa nhận,TS1554,NV0015
CC1555,2025-06-26,99,Chưa nhận,TS1555,NV0002
CC1556,2025-06-26,98,Chưa nhận,TS1556,NV0007
CC1557,2025-06-26,88,Chưa nhận,TS1557,NV0010
CC1558,2025-06-12,91,Chưa nhận,TS1558,NV0001
CC1559,2025-06-12,91,Chưa nhận,TS1559,NV0001
CC1560,2025-06-12,88,Chưa nhận,TS1560,NV0014
CC1561,2025-06-12,82,Chưa nhận,TS1561,NV0003
CC1562,2025-06-12,81,Chưa nhận,TS1562,NV0016
CC1563,2025-06-12,81,Chưa nhận,TS1563,NV0002
CC1564,2025-06-12,86,Chưa nhận,TS1564,NV0010
CC1565,2025-06-12,88,Chưa nhận,TS1565,NV0015
CC1566,2025-06-12,85,Chưa nhận,TS1566,NV0003
CC1567,2025-06-12,87,Chưa nhận,TS1567,NV0002
CC1568,2025-06-12,86,Chưa nhận,TS1568,NV0002
CC1569,2025-06-12,83,Chưa nhận,TS1569,NV0014
CC1570,2025-06-12,84,Chưa nhận,TS1570,NV0012
CC1571,2025-06-12,84,Chưa nhận,TS1571,NV0012
CC1572,2025-06-12,94,Chưa nhận,TS1572,NV0010
CC1573,2025-06-12,91,Chưa nhận,TS1573,NV0007
CC1574,2025-06-12,89,Chưa nhận,TS1574,NV0016
CC1575,2025-06-12,88,Chưa nhận,TS1575,NV0003
CC1576,2025-06-12,82,Chưa nhận,TS1576,NV0010
CC1577,2025-06-14,84,Chưa nhận,TS1577,NV0007
CC1578,2025-06-14,92,Chưa nhận,TS1578,NV0010
CC1579,2025-06-14,100,Chưa nhận,TS1579,NV0014
CC1580,2025-06-14,88,Chưa nhận,TS1580,NV0012
CC1581,2025-06-14,100,Chưa nhận,TS1581,NV0003
CC1582,2025-06-14,89,Chưa nhận,TS1582,NV0001
CC1583,2025-06-14,85,Chưa nhận,TS1583,NV0010
CC1584,2025-06-14,87,Chưa nhận,TS1584,NV0003
CC1585,2025-06-14,84,Chưa nhận,TS1585,NV0003
CC1586,2025-06-14,87,Chưa nhận,TS1586,NV0002
CC1587,2025-06-14,86,Chưa nhận,TS1587,NV0002
CC1588,2025-06-14,81,Chưa nhận,TS1588,NV0003
CC1589,2025-06-14,86,Chưa nhận,TS1589,NV0007
CC1590,2025-06-14,98,Chưa nhận,TS1590,NV0014
CC1591,2025-06-14,88,Chưa nhận,TS1591,NV0001
CC1592,2025-06-14,98,Chưa nhận,TS1592,NV0001
CC1593,2025-06-14,97,Chưa nhận,TS1593,NV0014
CC1594,2025-06-14,88,Chưa nhận,TS1594,NV0012
CC1595,2025-06-14,92,Chưa nhận,TS1595,NV0001
CC1596,2025-06-14,86,Chưa nhận,TS1596,NV0007
CC1597,2025-06-14,90,Chưa nhận,TS1597,NV0010
CC1598,2025-06-14,83,Chưa nhận,TS1598,NV0016
CC1599,2025-05-14,83,Chưa nhận,TS1599,NV0016
CC1600,2025-05-14,80,Chưa nhận,TS1600,NV0014
CC1601,2025-05-14,85,Chưa nhận,TS1601,NV0007
CC1602,2025-05-14,97,Chưa nhận,TS1602,NV0015
CC1603,2025-05-14,92,Chưa nhận,TS1603,NV0016
CC1604,2025-05-14,92,Chưa nhận,TS1604,NV0012
CC1605,2025-06-03,98,Chưa nhận,TS1605,NV0003
CC1606,2025-06-03,94,Chưa nhận,TS1606,NV0001
CC1607,2025-06-03,95,Chưa nhận,TS1607,NV0012
CC1608,2025-06-03,99,Chưa nhận,TS1608,NV0007
CC1609,2025-06-03,100,Chưa nhận,TS1609,NV0010
CC1610,2025-06-03,82,Chưa nhận,TS1610,NV0007
CC1611,2025-06-03,94,Chưa nhận,TS1611,NV0014
CC1612,2025-06-03,91,Chưa nhận,TS1612,NV0015
CC1613,2025-06-03,100,Chưa nhận,TS1613,NV0014
CC1614,2025-06-03,82,Chưa nhận,TS1614,NV0014
CC1615,2025-06-03,85,Chưa nhận,TS1615,NV0007
CC1616,2025-06-03,83,Chưa nhận,TS1616,NV0002
CC1617,2025-06-03,90,Chưa nhận,TS1617,NV0016
CC1618,2025-06-03,88,Chưa nhận,TS1618,NV0003
CC1619,2025-06-03,100,Chưa nhận,TS1619,NV0015
CC1620,2025-06-03,85,Chưa nhận,TS1620,NV0016
CC1621,2025-06-03,89,Chưa nhận,TS1621,NV0001
CC1622,2025-06-03,84,Chưa nhận,TS1622,NV0002
CC1623,2025-06-10,84,Chưa nhận,TS1623,NV0003
CC1624,2025-06-10,99,Chưa nhận,TS1624,NV0014
CC1625,2025-06-10,99,Chưa nhận,TS1625,NV0012
CC1626,2025-06-10,93,Chưa nhận,TS1626,NV0010
CC1627,2025-06-10,95,Chưa nhận,TS1627,NV0007
CC1628,2025-06-10,88,Chưa nhận,TS1628,NV0002
CC1629,2025-06-10,87,Chưa nhận,TS1629,NV0014
CC1630,2025-06-10,80,Chưa nhận,TS1630,NV0015
CC1631,2025-06-10,90,Chưa nhận,TS1631,NV0015
CC1632,2025-06-10,85,Chưa nhận,TS1632,NV0016
CC1633,2025-06-10,83,Chưa nhận,TS1633,NV0015
CC1634,2025-06-10,92,Chưa nhận,TS1634,NV0015
CC1635,2025-06-10,90,Chưa nhận,TS1635,NV0012
CC1636,2025-06-10,94,Chưa nhận,TS1636,NV0016
CC1637,2025-05-12,90,Chưa nhận,TS1637,NV0015
CC1638,2025-05-12,98,Chưa nhận,TS1638,NV0015
CC1639,2025-05-12,82,Chưa nhận,TS1639,NV0003
CC1640,2025-05-12,89,Chưa nhận,TS1640,NV0014
CC1641,2025-05-12,88,Chưa nhận,TS1641,NV0016
CC1642,2025-05-12,96,Chưa nhận,TS1642,NV0015
CC1643,2025-05-12,88,Chưa nhận,TS1643,NV0012
CC1644,2025-06-21,87,Chưa nhận,TS1644,NV0012
CC1645,2025-06-21,95,Chưa nhận,TS1645,NV0016
CC1646,2025-06-21,86,Chưa nhận,TS1646,NV0010
CC1647,2025-06-21,83,Chưa nhận,TS1647,NV0001
CC1648,2025-06-21,81,Chưa nhận,TS1648,NV0012
CC1649,2025-06-21,94,Chưa nhận,TS1649,NV0007
CC1650,2025-06-21,99,Chưa nhận,TS1650,NV0014
CC1651,2025-06-21,94,Chưa nhận,TS1651,NV0016
CC1652,2025-06-21,86,Chưa nhận,TS1652,NV0012
CC1653,2025-06-21,92,Chưa nhận,TS1653,NV0007
CC1654,2025-06-21,89,Chưa nhận,TS1654,NV0007
CC1655,2025-06-21,98,Chưa nhận,TS1655,NV0014
CC1656,2025-06-21,83,Chưa nhận,TS1656,NV0014
CC1657,2025-06-21,80,Chưa nhận,TS1657,NV0015
CC1658,2025-06-21,85,Chưa nhận,TS1658,NV0014
CC1659,2025-06-21,92,Chưa nhận,TS1659,NV0002
CC1660,2025-06-21,85,Chưa nhận,TS1660,NV0003
CC1661,2025-05-11,91,Chưa nhận,TS1661,NV0012
CC1662,2025-05-11,92,Chưa nhận,TS1662,NV0016
CC1663,2025-05-11,84,Chưa nhận,TS1663,NV0016
CC1664,2025-05-11,93,Chưa nhận,TS1664,NV0012
CC1665,2025-05-11,85,Chưa nhận,TS1665,NV0002
CC1666,2025-05-11,82,Chưa nhận,TS1666,NV0010
CC1667,2025-05-11,88,Chưa nhận,TS1667,NV0014
CC1668,2025-05-11,85,Chưa nhận,TS1668,NV0012
CC1669,2025-06-30,90,Chưa nhận,TS1669,NV0012
CC1670,2025-06-30,90,Chưa nhận,TS1670,NV0007
CC1671,2025-06-30,88,Chưa nhận,TS1671,NV0010
CC1672,2025-06-30,81,Chưa nhận,TS1672,NV0002
CC1673,2025-06-30,91,Chưa nhận,TS1673,NV0007
CC1674,2025-06-30,97,Chưa nhận,TS1674,NV0003
CC1675,2025-06-30,95,Chưa nhận,TS1675,NV0002
CC1676,2025-06-30,86,Chưa nhận,TS1676,NV0001
CC1677,2025-06-30,93,Chưa nhận,TS1677,NV0016
CC1678,2025-06-30,93,Chưa nhận,TS1678,NV0001
CC1679,2025-06-30,92,Chưa nhận,TS1679,NV0014
CC1680,2025-06-30,81,Chưa nhận,TS1680,NV0012
CC1681,2025-06-30,85,Chưa nhận,TS1681,NV0012
CC1682,2025-06-30,82,Chưa nhận,TS1682,NV0010
CC1683,2025-06-30,85,Chưa nhận,TS1683,NV0010
CC1684,2025-06-30,80,Chưa nhận,TS1684,NV0015
CC1685,2025-06-30,86,Chưa nhận,TS1685,NV0014
CC1686,2025-06-30,100,Chưa nhận,TS1686,NV0012
CC1687,2025-06-30,84,Chưa nhận,TS1687,NV0016
CC1688,2025-06-30,94,Chưa nhận,TS1688,NV0002
CC1689,2025-06-30,98,Chưa nhận,TS1689,NV0010
CC1690,2025-06-30,87,Chưa nhận,TS1690,NV0016
CC1691,2025-05-21,91,Chưa nhận,TS1691,NV0015
CC1692,2025-05-21,93,Chưa nhận,TS1692,NV0002
CC1693,2025-05-21,90,Chưa nhận,TS1693,NV0010
CC1694,2025-05-21,80,Chưa nhận,TS1694,NV0016
CC1695,2025-05-21,87,Chưa nhận,TS1695,NV0001
CC1696,2025-05-21,85,Chưa nhận,TS1696,NV0015
CC1697,2025-05-21,85,Chưa nhận,TS1697,NV0016
CC1698,2025-05-21,100,Chưa nhận,TS1698,NV0015
CC1699,2025-05-21,95,Chưa nhận,TS1699,NV0012
CC1700,2025-05-21,97,Chưa nhận,TS1700,NV0012
CC1701,2025-05-21,92,Chưa nhận,TS1701,NV0012
CC1702,2025-05-21,98,Chưa nhận,TS1702,NV0016
CC1703,2025-05-21,99,Chưa nhận,TS1703,NV0003
CC1704,2025-05-21,82,Chưa nhận,TS1704,NV0016
CC1705,2025-05-21,98,Chưa nhận,TS1705,NV0016
CC1706,2025-05-21,99,Chưa nhận,TS1706,NV0003
CC1707,2025-05-21,82,Chưa nhận,TS1707,NV0016
CC1708,2025-05-21,98,Chưa nhận,TS1708,NV0015
CC1709,2025-05-21,98,Chưa nhận,TS1709,NV0007
CC1710,2025-05-21,98,Chưa nhận,TS1710,NV0012
CC1711,2025-05-21,89,Chưa nhận,TS1711,NV0010
CC1712,2025-05-21,92,Chưa nhận,TS1712,NV0010
CC1713,2025-05-12,99,Chưa nhận,TS1713,NV0007
CC1714,2025-05-12,96,Chưa nhận,TS1714,NV0002
CC1715,2025-05-12,85,Chưa nhận,TS1715,NV0002
CC1716,2025-05-12,87,Chưa nhận,TS1716,NV0007
CC1717,2025-05-12,94,Chưa nhận,TS1717,NV0014
CC1718,2025-05-12,89,Chưa nhận,TS1718,NV0003
CC1719,2025-05-12,81,Chưa nhận,TS1719,NV0014
CC1720,2025-05-12,91,Chưa nhận,TS1720,NV0002
CC1721,2025-05-12,90,Chưa nhận,TS1721,NV0015
CC1722,2025-05-12,89,Chưa nhận,TS1722,NV0010
CC1723,2025-05-12,97,Chưa nhận,TS1723,NV0016
CC1724,2025-05-12,93,Chưa nhận,TS1724,NV0016
CC1725,2025-05-12,94,Chưa nhận,TS1725,NV0012
CC1726,2025-05-12,94,Chưa nhận,TS1726,NV0010
CC1727,2025-05-12,80,Chưa nhận,TS1727,NV0003
CC1728,2025-05-12,85,Chưa nhận,TS1728,NV0001
CC1729,2025-05-12,80,Chưa nhận,TS1729,NV0002
CC1730,2025-05-12,99,Chưa nhận,TS1730,NV0001
CC1731,2025-05-12,90,Chưa nhận,TS1731,NV0012
CC1732,2025-07-02,82,Chưa nhận,TS1732,NV0014
CC1733,2025-07-02,93,Chưa nhận,TS1733,NV0001
CC1734,2025-07-02,95,Chưa nhận,TS1734,NV0015
CC1735,2025-07-02,98,Chưa nhận,TS1735,NV0001
CC1736,2025-07-02,92,Chưa nhận,TS1736,NV0002
CC1737,2025-07-02,89,Chưa nhận,TS1737,NV0002
CC1738,2025-07-02,83,Chưa nhận,TS1738,NV0016
CC1739,2025-07-02,80,Chưa nhận,TS1739,NV0003
CC1740,2025-07-02,88,Chưa nhận,TS1740,NV0002
CC1741,2025-07-02,98,Chưa nhận,TS1741,NV0015
CC1742,2025-07-02,81,Chưa nhận,TS1742,NV0007
CC1743,2025-07-02,91,Chưa nhận,TS1743,NV0010
CC1744,2025-07-02,89,Chưa nhận,TS1744,NV0002
CC1745,2025-07-02,91,Chưa nhận,TS1745,NV0016
CC1746,2025-07-02,85,Chưa nhận,TS1746,NV0016
CC1747,2025-07-02,91,Chưa nhận,TS1747,NV0015
CC1748,2025-07-02,98,Chưa nhận,TS1748,NV0001
CC1749,2025-07-02,90,Chưa nhận,TS1749,NV0010
CC1750,2025-07-02,85,Chưa nhận,TS1750,NV0003
CC1751,2025-07-02,95,Chưa nhận,TS1751,NV0015
CC1752,2025-07-02,86,Chưa nhận,TS1752,NV0003
CC1753,2025-07-02,91,Chưa nhận,TS1753,NV0010
CC1754,2025-06-09,90,Chưa nhận,TS1754,NV0001
CC1755,2025-06-09,87,Chưa nhận,TS1755,NV0016
CC1756,2025-06-09,96,Chưa nhận,TS1756,NV0010
CC1757,2025-06-09,93,Chưa nhận,TS1757,NV0010
CC1758,2025-06-09,100,Chưa nhận,TS1758,NV0015
CC1759,2025-06-09,90,Chưa nhận,TS1759,NV0002
CC1760,2025-06-09,97,Chưa nhận,TS1760,NV0002
CC1761,2025-06-09,87,Chưa nhận,TS1761,NV0003
CC1762,2025-06-09,99,Chưa nhận,TS1762,NV0010
CC1763,2025-06-09,87,Chưa nhận,TS1763,NV0003
CC1764,2025-06-09,99,Chưa nhận,TS1764,NV0003
CC1765,2025-06-09,96,Chưa nhận,TS1765,NV0014
CC1766,2025-06-09,81,Chưa nhận,TS1766,NV0007
CC1767,2025-06-09,84,Chưa nhận,TS1767,NV0010
CC1768,2025-05-14,86,Chưa nhận,TS1768,NV0010
CC1769,2025-05-14,80,Chưa nhận,TS1769,NV0007
CC1770,2025-05-14,82,Chưa nhận,TS1770,NV0003
CC1771,2025-05-14,82,Chưa nhận,TS1771,NV0015
CC1772,2025-05-14,85,Chưa nhận,TS1772,NV0012
CC1773,2025-05-14,85,Chưa nhận,TS1773,NV0007
CC1774,2025-05-14,83,Chưa nhận,TS1774,NV0015
CC1775,2025-05-14,85,Chưa nhận,TS1775,NV0003
CC1776,2025-05-14,84,Chưa nhận,TS1776,NV0012
CC1777,2025-05-14,86,Chưa nhận,TS1777,NV0001
CC1778,2025-05-14,98,Chưa nhận,TS1778,NV0012
CC1779,2025-05-14,94,Chưa nhận,TS1779,NV0003
CC1780,2025-05-14,93,Chưa nhận,TS1780,NV0015
CC1781,2025-05-28,91,Chưa nhận,TS1781,NV0001
CC1782,2025-05-28,86,Chưa nhận,TS1782,NV0016
CC1783,2025-05-28,98,Chưa nhận,TS1783,NV0001
CC1784,2025-05-28,93,Chưa nhận,TS1784,NV0012
CC1785,2025-05-28,82,Chưa nhận,TS1785,NV0015
CC1786,2025-05-28,94,Chưa nhận,TS1786,NV0007
CC1787,2025-05-28,82,Chưa nhận,TS1787,NV0015
CC1788,2025-05-28,97,Chưa nhận,TS1788,NV0010
CC1789,2025-07-07,80,Chưa nhận,TS1789,NV0016
CC1790,2025-07-07,81,Chưa nhận,TS1790,NV0001
CC1791,2025-07-07,80,Chưa nhận,TS1791,NV0001
CC1792,2025-07-07,97,Chưa nhận,TS1792,NV0007
CC1793,2025-07-07,93,Chưa nhận,TS1793,NV0012
CC1794,2025-07-07,95,Chưa nhận,TS1794,NV0007
CC1795,2025-07-07,98,Chưa nhận,TS1795,NV0001
CC1796,2025-07-07,90,Chưa nhận,TS1796,NV0003
CC1797,2025-07-07,81,Chưa nhận,TS1797,NV0014
CC1798,2025-07-07,87,Chưa nhận,TS1798,NV0003
CC1799,2025-07-07,93,Chưa nhận,TS1799,NV0002
CC1800,2025-07-07,99,Chưa nhận,TS1800,NV0002
CC1801,2025-07-07,95,Chưa nhận,TS1801,NV0012
CC1802,2025-07-07,100,Chưa nhận,TS1802,NV0007
CC1803,2025-07-07,93,Chưa nhận,TS1803,NV0014
CC1804,2025-07-07,86,Chưa nhận,TS1804,NV0002
CC1805,2025-07-07,99,Chưa nhận,TS1805,NV0015
CC1806,2025-07-07,92,Chưa nhận,TS1806,NV0003
CC1807,2025-07-07,88,Chưa nhận,TS1807,NV0007
CC1808,2025-07-07,92,Chưa nhận,TS1808,NV0016
CC1809,2025-07-07,81,Chưa nhận,TS1809,NV0003
CC1810,2025-07-07,91,Chưa nhận,TS1810,NV0010
CC1811,2025-06-24,80,Chưa nhận,TS1811,NV0016
CC1812,2025-06-24,88,Chưa nhận,TS1812,NV0010
CC1813,2025-06-24,91,Chưa nhận,TS1813,NV0016
CC1814,2025-06-24,93,Chưa nhận,TS1814,NV0010
CC1815,2025-06-24,85,Chưa nhận,TS1815,NV0012
CC1816,2025-06-24,94,Chưa nhận,TS1816,NV0016
CC1817,2025-06-24,83,Chưa nhận,TS1817,NV0016
CC1818,2025-06-24,93,Chưa nhận,TS1818,NV0001
CC1819,2025-06-24,99,Chưa nhận,TS1819,NV0014
CC1820,2025-06-24,89,Chưa nhận,TS1820,NV0002
CC1821,2025-06-24,98,Chưa nhận,TS1821,NV0014
CC1822,2025-06-24,90,Chưa nhận,TS1822,NV0002
