MA_PDK,NGAYLAP,MA_NV,MA_KH
DK0001,2025-02-21,NV0019,KH0001
DK0002,2025-03-24,NV0006,KH0002
DK0003,2025-01-18,NV0009,KH0003
DK0004,2025-02-12,NV0006,KH0004
DK0005,2025-02-26,NV0006,KH0005
DK0006,2025-01-19,NV0013,KH0006
DK0007,2025-01-16,NV0006,KH0007
DK0008,2025-01-26,NV0019,KH0008
DK0009,2025-03-04,NV0018,KH0009
DK0010,2025-01-06,NV0019,KH0010
DK0011,2025-01-20,NV0019,KH0011
DK0012,2025-02-17,NV0018,KH0012
DK0013,2025-01-03,NV0009,KH0013
DK0014,2025-02-24,NV0019,KH0014
DK0015,2025-03-23,NV0011,KH0015
DK0016,2025-02-01,NV0011,KH0016
DK0017,2025-02-21,NV0018,KH0017
DK0018,2025-03-12,NV0011,KH0018
DK0019,2025-01-02,NV0018,KH0019
DK0020,2025-02-04,NV0013,KH0020
DK0021,2025-01-26,NV0009,KH0021
DK0022,2025-01-05,NV0004,KH0022
DK0023,2025-01-21,NV0011,KH0023
DK0024,2025-01-20,NV0009,KH0024
DK0025,2025-04-01,NV0009,KH0025
DK0026,2025-03-06,NV0011,KH0026
DK0027,2025-01-19,NV0013,KH0027
DK0028,2025-01-18,NV0006,KH0028
DK0029,2025-03-02,NV0011,KH0029
DK0030,2025-03-19,NV0018,KH0030
DK0031,2025-02-20,NV0019,KH0031
DK0032,2025-02-11,NV0009,KH0032
DK0033,2025-02-26,NV0006,KH0033
DK0034,2025-02-25,NV0009,KH0034
DK0035,2025-03-06,NV0004,KH0035
DK0036,2025-02-01,NV0013,KH0036
DK0037,2025-02-25,NV0009,KH0037
DK0038,2025-03-04,NV0004,KH0038
DK0039,2025-01-15,NV0019,KH0039
DK0040,2025-02-04,NV0006,KH0040
DK0041,2025-02-11,NV0006,KH0041
DK0042,2025-01-19,NV0018,KH0042
DK0043,2025-04-02,NV0011,KH0043
DK0044,2025-03-28,NV0019,KH0044
DK0045,2025-01-29,NV0006,KH0045
DK0046,2025-02-03,NV0004,KH0046
DK0047,2025-02-03,NV0013,KH0047
DK0048,2025-01-03,NV0018,KH0048
DK0049,2025-01-06,NV0013,KH0049
DK0050,2025-02-22,NV0009,KH0050
DK0051,2025-03-31,NV0018,KH0051
DK0052,2025-02-28,NV0011,KH0052
DK0053,2025-03-24,NV0004,KH0053
DK0054,2025-02-12,NV0013,KH0054
DK0055,2025-02-14,NV0019,KH0055
DK0056,2025-03-01,NV0004,KH0056
DK0057,2025-01-16,NV0013,KH0057
DK0058,2025-03-10,NV0018,KH0058
DK0059,2025-02-10,NV0011,KH0059
DK0060,2025-03-19,NV0009,KH0060
DK0061,2025-03-07,NV0006,KH0061
DK0062,2025-01-02,NV0004,KH0062
DK0063,2025-03-29,NV0006,KH0063
DK0064,2025-03-20,NV0013,KH0064
DK0065,2025-01-07,NV0011,KH0065
DK0066,2025-01-18,NV0006,KH0066
DK0067,2025-03-28,NV0011,KH0067
DK0068,2025-02-21,NV0018,KH0068
DK0069,2025-03-17,NV0018,KH0069
DK0070,2025-03-07,NV0009,KH0070
DK0071,2025-02-28,NV0011,KH0071
DK0072,2025-02-08,NV0004,KH0072
DK0073,2025-01-10,NV0013,KH0073
DK0074,2025-03-28,NV0013,KH0074
DK0075,2025-03-07,NV0009,KH0075
DK0076,2025-03-21,NV0004,KH0076
DK0077,2025-03-20,NV0009,KH0077
DK0078,2025-03-09,NV0018,KH0078
DK0079,2025-01-09,NV0006,KH0079
DK0080,2025-03-04,NV0011,KH0080
DK0081,2025-01-23,NV0011,KH0081
DK0082,2025-01-14,NV0018,KH0082
DK0083,2025-02-17,NV0009,KH0083
DK0084,2025-01-06,NV0018,KH0084
DK0085,2025-02-24,NV0013,KH0085
DK0086,2025-03-14,NV0019,KH0086
DK0087,2025-03-06,NV0019,KH0087
DK0088,2025-01-16,NV0018,KH0088
DK0089,2025-01-29,NV0018,KH0089
DK0090,2025-01-24,NV0006,KH0090
DK0091,2025-03-14,NV0013,KH0091
DK0092,2025-02-15,NV0004,KH0092
DK0093,2025-03-13,NV0011,KH0093
DK0094,2025-03-01,NV0009,KH0094
DK0095,2025-03-29,NV0009,KH0095
DK0096,2025-03-12,NV0011,KH0096
DK0097,2025-03-16,NV0006,KH0097
DK0098,2025-01-12,NV0018,KH0098
DK0099,2025-03-31,NV0011,KH0099
DK0100,2025-02-20,NV0019,KH0100
DK0101,2025-01-28,NV0019,KH0101
DK0102,2025-02-16,NV0013,KH0102
DK0103,2025-02-07,NV0018,KH0103
DK0104,2025-03-16,NV0004,KH0104
DK0105,2025-01-28,NV0011,KH0105
DK0106,2025-02-28,NV0019,KH0106
DK0107,2025-01-22,NV0006,KH0107
DK0108,2025-02-02,NV0018,KH0108
DK0109,2025-03-30,NV0019,KH0109
DK0110,2025-03-04,NV0009,KH0110
DK0111,2025-01-21,NV0004,KH0111
DK0112,2025-01-08,NV0011,KH0112
DK0113,2025-01-16,NV0004,KH0113
DK0114,2025-01-01,NV0004,KH0114
DK0115,2025-03-19,NV0013,KH0115
DK0116,2025-04-05,NV0006,KH0116
DK0117,2025-03-23,NV0019,KH0117
DK0118,2025-03-17,NV0019,KH0118
DK0119,2025-01-27,NV0006,KH0119
DK0120,2025-01-15,NV0009,KH0120
DK0121,2025-03-28,NV0009,KH0121
DK0122,2025-01-30,NV0018,KH0122
DK0123,2025-02-02,NV0019,KH0123
DK0124,2025-02-15,NV0013,KH0124
DK0125,2025-02-19,NV0019,KH0125
DK0126,2025-02-12,NV0018,KH0126
DK0127,2025-03-21,NV0013,KH0127
DK0128,2025-02-23,NV0019,KH0128
DK0129,2025-01-04,NV0006,KH0129
DK0130,2025-04-03,NV0018,KH0130
DK0131,2025-03-06,NV0006,KH0131
DK0132,2025-01-11,NV0009,KH0132
DK0133,2025-02-04,NV0013,KH0133
DK0134,2025-02-17,NV0018,KH0134
DK0135,2025-03-28,NV0018,KH0135
DK0136,2025-03-05,NV0018,KH0136
DK0137,2025-01-05,NV0006,KH0137
DK0138,2025-02-06,NV0018,KH0138
DK0139,2025-03-09,NV0018,KH0139
DK0140,2025-02-05,NV0011,KH0140
DK0141,2025-02-06,NV0018,KH0141
DK0142,2025-01-20,NV0011,KH0142
DK0143,2025-01-01,NV0004,KH0143
DK0144,2025-01-15,NV0011,KH0144
DK0145,2025-03-19,NV0004,KH0145
DK0146,2025-03-01,NV0004,KH0146
DK0147,2025-03-21,NV0004,KH0147
DK0148,2025-01-20,NV0006,KH0148
DK0149,2025-03-17,NV0006,KH0149
DK0150,2025-02-14,NV0006,KH0150
DK0151,2025-03-16,NV0004,KH0151
DK0152,2025-03-19,NV0006,KH0152
DK0153,2025-01-10,NV0018,KH0153
DK0154,2025-01-09,NV0011,KH0154
DK0155,2025-02-23,NV0004,KH0155
DK0156,2025-01-23,NV0013,KH0156
DK0157,2025-03-02,NV0013,KH0157
DK0158,2025-03-24,NV0004,KH0158
DK0159,2025-03-30,NV0009,KH0159
DK0160,2025-02-09,NV0004,KH0160
DK0161,2025-02-09,NV0004,KH0161
DK0162,2025-01-23,NV0009,KH0162
DK0163,2025-01-12,NV0011,KH0163
DK0164,2025-01-21,NV0009,KH0164
DK0165,2025-04-01,NV0004,KH0165
DK0166,2025-01-27,NV0019,KH0166
DK0167,2025-03-18,NV0009,KH0167
DK0168,2025-01-22,NV0019,KH0168
DK0169,2025-01-11,NV0018,KH0169
DK0170,2025-01-31,NV0004,KH0170
DK0171,2025-03-13,NV0009,KH0171
DK0172,2025-03-16,NV0019,KH0172
DK0173,2025-01-30,NV0004,KH0173
DK0174,2025-03-17,NV0009,KH0174
DK0175,2025-01-24,NV0018,KH0175
DK0176,2025-01-04,NV0018,KH0176
DK0177,2025-01-01,NV0011,KH0177
DK0178,2025-01-15,NV0013,KH0178
DK0179,2025-03-16,NV0009,KH0179
DK0180,2025-02-17,NV0013,KH0180
DK0181,2025-01-09,NV0019,KH0181
DK0182,2025-02-22,NV0018,KH0182
DK0183,2025-01-01,NV0006,KH0183
DK0184,2025-02-09,NV0006,KH0184
DK0185,2025-04-05,NV0011,KH0185
DK0186,2025-03-12,NV0019,KH0186
DK0187,2025-03-07,NV0006,KH0187
DK0188,2025-03-09,NV0006,KH0188
DK0189,2025-01-23,NV0019,KH0189
DK0190,2025-03-23,NV0011,KH0190
DK0191,2025-03-05,NV0004,KH0191
DK0192,2025-01-11,NV0006,KH0192
DK0193,2025-01-07,NV0004,KH0193
DK0194,2025-02-09,NV0004,KH0194
DK0195,2025-03-07,NV0019,KH0195
DK0196,2025-02-25,NV0019,KH0196
DK0197,2025-01-23,NV0004,KH0197
DK0198,2025-04-03,NV0019,KH0198
DK0199,2025-03-09,NV0018,KH0199
DK0200,2025-04-05,NV0018,KH0200
DK0201,2025-02-02,NV0011,KH0201
DK0202,2025-03-09,NV0004,KH0202
DK0203,2025-03-10,NV0013,KH0203
DK0204,2025-03-28,NV0006,KH0204
DK0205,2025-03-03,NV0013,KH0205
DK0206,2025-01-04,NV0013,KH0206
DK0207,2025-03-17,NV0004,KH0207
DK0208,2025-03-11,NV0004,KH0208
DK0209,2025-01-05,NV0009,KH0209
DK0210,2025-02-10,NV0004,KH0210
DK0211,2025-02-17,NV0004,KH0211
DK0212,2025-01-01,NV0009,KH0212
DK0213,2025-01-05,NV0018,KH0213
DK0214,2025-03-29,NV0011,KH0214
DK0215,2025-02-11,NV0018,KH0215
DK0216,2025-03-22,NV0011,KH0216
DK0217,2025-01-28,NV0013,KH0217
DK0218,2025-01-03,NV0011,KH0218
DK0219,2025-02-23,NV0004,KH0219
DK0220,2025-02-02,NV0006,KH0220
DK0221,2025-02-13,NV0013,KH0221
DK0222,2025-03-12,NV0018,KH0222
DK0223,2025-03-04,NV0018,KH0223
DK0224,2025-02-25,NV0013,KH0224
DK0225,2025-02-25,NV0009,KH0225
DK0226,2025-02-18,NV0011,KH0226
DK0227,2025-01-28,NV0006,KH0227
DK0228,2025-03-16,NV0004,KH0228
DK0229,2025-03-13,NV0004,KH0229
DK0230,2025-02-12,NV0011,KH0230
DK0231,2025-04-01,NV0006,KH0231
DK0232,2025-03-05,NV0011,KH0232
DK0233,2025-01-25,NV0009,KH0233
DK0234,2025-01-16,NV0013,KH0234
DK0235,2025-01-29,NV0009,KH0235
DK0236,2025-02-14,NV0004,KH0236
DK0237,2025-01-21,NV0013,KH0237
DK0238,2025-01-18,NV0004,KH0238
DK0239,2025-02-13,NV0019,KH0239
DK0240,2025-02-18,NV0019,KH0240
DK0241,2025-03-05,NV0009,KH0241
DK0242,2025-01-03,NV0019,KH0242
DK0243,2025-01-03,NV0019,KH0243
DK0244,2025-03-12,NV0018,KH0244
DK0245,2025-02-11,NV0019,KH0245
DK0246,2025-01-15,NV0009,KH0246
DK0247,2025-01-20,NV0009,KH0247
DK0248,2025-01-05,NV0018,KH0248
DK0249,2025-02-21,NV0004,KH0249
DK0250,2025-01-21,NV0006,KH0250
DK0251,2025-01-19,NV0011,KH0251
DK0252,2025-03-27,NV0009,KH0252
DK0253,2025-02-11,NV0019,KH0253
DK0254,2025-02-02,NV0006,KH0254
DK0255,2025-03-20,NV0011,KH0255
DK0256,2025-02-04,NV0006,KH0256
DK0257,2025-02-17,NV0011,KH0257
DK0258,2025-02-26,NV0011,KH0258
DK0259,2025-03-27,NV0018,KH0259
DK0260,2025-03-20,NV0013,KH0260
DK0261,2025-02-18,NV0019,KH0261
DK0262,2025-01-08,NV0009,KH0262
DK0263,2025-03-18,NV0011,KH0263
DK0264,2025-02-27,NV0019,KH0264
DK0265,2025-02-12,NV0004,KH0265
DK0266,2025-04-05,NV0009,KH0266
DK0267,2025-04-01,NV0018,KH0267
DK0268,2025-03-19,NV0004,KH0268
DK0269,2025-02-03,NV0004,KH0269
DK0270,2025-02-16,NV0011,KH0270
DK0271,2025-01-26,NV0011,KH0271
DK0272,2025-03-05,NV0009,KH0272
DK0273,2025-02-25,NV0013,KH0273
DK0274,2025-03-31,NV0006,KH0274
DK0275,2025-04-05,NV0018,KH0275
DK0276,2025-03-11,NV0011,KH0276
DK0277,2025-02-16,NV0004,KH0277
DK0278,2025-03-26,NV0018,KH0278
DK0279,2025-02-05,NV0006,KH0279
DK0280,2025-01-31,NV0006,KH0280
DK0281,2025-01-08,NV0019,KH0281
DK0282,2025-01-26,NV0011,KH0282
DK0283,2025-02-17,NV0011,KH0283
DK0284,2025-01-16,NV0018,KH0284
DK0285,2025-03-28,NV0006,KH0285
DK0286,2025-01-29,NV0009,KH0286
DK0287,2025-02-26,NV0006,KH0287
DK0288,2025-03-05,NV0013,KH0288
DK0289,2025-03-07,NV0009,KH0289
DK0290,2025-03-08,NV0009,KH0290
DK0291,2025-02-01,NV0019,KH0291
DK0292,2025-02-26,NV0013,KH0292
DK0293,2025-03-05,NV0013,KH0293
DK0294,2025-03-25,NV0004,KH0294
DK0295,2025-02-26,NV0006,KH0295
DK0296,2025-02-19,NV0019,KH0296
DK0297,2025-02-12,NV0018,KH0297
DK0298,2025-01-22,NV0019,KH0298
DK0299,2025-01-06,NV0019,KH0299
DK0300,2025-03-18,NV0018,KH0300
DK0301,2025-03-02,NV0019,KH0301
DK0302,2025-01-14,NV0009,KH0302
DK0303,2025-02-18,NV0013,KH0303
DK0304,2025-03-11,NV0006,KH0304
DK0305,2025-01-08,NV0019,KH0305
DK0306,2025-01-23,NV0009,KH0306
DK0307,2025-03-18,NV0018,KH0307
DK0308,2025-01-05,NV0009,KH0308
DK0309,2025-02-13,NV0019,KH0309
DK0310,2025-01-17,NV0006,KH0310
DK0311,2025-03-16,NV0019,KH0311
DK0312,2025-02-02,NV0013,KH0312
DK0313,2025-02-12,NV0004,KH0313
DK0314,2025-01-07,NV0013,KH0314
DK0315,2025-01-28,NV0006,KH0315
DK0316,2025-02-20,NV0004,KH0316
DK0317,2025-03-06,NV0019,KH0317
DK0318,2025-01-03,NV0006,KH0318
DK0319,2025-03-15,NV0011,KH0319
DK0320,2025-03-26,NV0011,KH0320
DK0321,2025-02-05,NV0004,KH0321
DK0322,2025-03-11,NV0006,KH0322
DK0323,2025-01-07,NV0011,KH0323
DK0324,2025-03-09,NV0009,KH0324
DK0325,2025-02-26,NV0013,KH0325
DK0326,2025-02-09,NV0013,KH0326
DK0327,2025-03-16,NV0009,KH0327
DK0328,2025-01-25,NV0006,KH0328
DK0329,2025-01-07,NV0009,KH0329
DK0330,2025-02-20,NV0018,KH0330
DK0331,2025-02-23,NV0019,KH0331
DK0332,2025-01-17,NV0011,KH0332
DK0333,2025-02-12,NV0006,KH0333
DK0334,2025-03-22,NV0013,KH0334
DK0335,2025-01-25,NV0013,KH0335
DK0336,2025-03-04,NV0011,KH0336
DK0337,2025-03-24,NV0013,KH0337
DK0338,2025-02-16,NV0019,KH0338
DK0339,2025-01-25,NV0006,KH0339
DK0340,2025-04-05,NV0004,KH0340
DK0341,2025-01-23,NV0006,KH0341
DK0342,2025-01-15,NV0004,KH0342
DK0343,2025-01-13,NV0006,KH0343
DK0344,2025-04-05,NV0004,KH0344
DK0345,2025-03-05,NV0006,KH0345
DK0346,2025-04-02,NV0009,KH0346
DK0347,2025-02-28,NV0019,KH0347
DK0348,2025-01-20,NV0011,KH0348
DK0349,2025-02-08,NV0013,KH0349
DK0350,2025-01-23,NV0019,KH0350
DK0351,2025-02-28,NV0018,KH0351
DK0352,2025-03-17,NV0006,KH0352
DK0353,2025-03-25,NV0004,KH0353
DK0354,2025-03-01,NV0006,KH0354
DK0355,2025-03-25,NV0009,KH0355
DK0356,2025-01-21,NV0019,KH0356
DK0357,2025-03-08,NV0004,KH0357
DK0358,2025-01-18,NV0004,KH0358
DK0359,2025-03-14,NV0018,KH0359
DK0360,2025-02-05,NV0019,KH0360
DK0361,2025-03-12,NV0009,KH0361
DK0362,2025-02-05,NV0011,KH0362
DK0363,2025-01-24,NV0006,KH0363
DK0364,2025-03-22,NV0011,KH0364
DK0365,2025-02-26,NV0006,KH0365
DK0366,2025-02-04,NV0004,KH0366
DK0367,2025-02-19,NV0013,KH0367
DK0368,2025-02-10,NV0006,KH0368
DK0369,2025-03-07,NV0013,KH0369
DK0370,2025-02-14,NV0019,KH0370
DK0371,2025-03-15,NV0018,KH0371
DK0372,2025-03-13,NV0011,KH0372
DK0373,2025-01-28,NV0009,KH0373
DK0374,2025-02-22,NV0018,KH0374
DK0375,2025-02-01,NV0018,KH0375
DK0376,2025-02-09,NV0006,KH0376
DK0377,2025-03-28,NV0009,KH0377
DK0378,2025-03-29,NV0006,KH0378
DK0379,2025-01-05,NV0009,KH0379
DK0380,2025-02-02,NV0009,KH0380
DK0381,2025-03-22,NV0004,KH0381
DK0382,2025-03-17,NV0009,KH0382
DK0383,2025-03-01,NV0006,KH0383
DK0384,2025-03-12,NV0018,KH0384
DK0385,2025-01-02,NV0009,KH0385
DK0386,2025-01-07,NV0019,KH0386
DK0387,2025-01-30,NV0019,KH0387
DK0388,2025-01-25,NV0004,KH0388
DK0389,2025-04-05,NV0006,KH0389
DK0390,2025-02-18,NV0018,KH0390
DK0391,2025-03-22,NV0006,KH0391
DK0392,2025-01-14,NV0004,KH0392
DK0393,2025-03-13,NV0018,KH0393
DK0394,2025-01-17,NV0019,KH0394
DK0395,2025-01-21,NV0009,KH0395
DK0396,2025-03-12,NV0011,KH0396
DK0397,2025-03-13,NV0018,KH0397
DK0398,2025-03-09,NV0004,KH0398
DK0399,2025-01-18,NV0013,KH0399
DK0400,2025-01-23,NV0011,KH0400
DK0401,2025-03-08,NV0006,KH0401
DK0402,2025-02-04,NV0009,KH0402
DK0403,2025-02-01,NV0019,KH0403
DK0404,2025-01-14,NV0011,KH0404
DK0405,2025-01-16,NV0013,KH0405
DK0406,2025-01-03,NV0011,KH0406
DK0407,2025-03-28,NV0019,KH0407
DK0408,2025-03-30,NV0004,KH0408
DK0409,2025-02-18,NV0018,KH0409
DK0410,2025-03-24,NV0019,KH0410
DK0411,2025-04-04,NV0004,KH0411
DK0412,2025-03-28,NV0009,KH0412
DK0413,2025-03-16,NV0011,KH0413
DK0414,2025-03-17,NV0011,KH0414
DK0415,2025-03-14,NV0018,KH0415
DK0416,2025-01-16,NV0011,KH0416
DK0417,2025-03-05,NV0006,KH0417
DK0418,2025-03-21,NV0018,KH0418
DK0419,2025-03-11,NV0019,KH0419
DK0420,2025-03-22,NV0018,KH0420
DK0421,2025-01-17,NV0006,KH0421
DK0422,2025-02-16,NV0006,KH0422
DK0423,2025-03-29,NV0019,KH0423
DK0424,2025-01-04,NV0013,KH0424
DK0425,2025-02-11,NV0006,KH0425
DK0426,2025-03-04,NV0004,KH0426
DK0427,2025-01-19,NV0009,KH0427
DK0428,2025-01-16,NV0004,KH0428
DK0429,2025-01-28,NV0018,KH0429
DK0430,2025-01-27,NV0013,KH0430
DK0431,2025-01-03,NV0013,KH0431
DK0432,2025-02-23,NV0006,KH0432
DK0433,2025-02-06,NV0019,KH0433
DK0434,2025-03-17,NV0011,KH0434
DK0435,2025-01-27,NV0019,KH0435
DK0436,2025-03-10,NV0018,KH0436
DK0437,2025-01-15,NV0013,KH0437
DK0438,2025-03-17,NV0018,KH0438
DK0439,2025-04-05,NV0006,KH0439
DK0440,2025-02-08,NV0004,KH0440
DK0441,2025-01-28,NV0006,KH0441
DK0442,2025-03-10,NV0004,KH0442
DK0443,2025-04-03,NV0019,KH0443
DK0444,2025-03-29,NV0019,KH0444
DK0445,2025-02-07,NV0004,KH0445
DK0446,2025-03-21,NV0018,KH0446
DK0447,2025-03-27,NV0006,KH0447
DK0448,2025-02-22,NV0019,KH0448
DK0449,2025-01-09,NV0006,KH0449
DK0450,2025-01-22,NV0013,KH0450
DK0451,2025-01-16,NV0013,KH0451
DK0452,2025-03-10,NV0019,KH0452
DK0453,2025-02-11,NV0011,KH0453
DK0454,2025-02-14,NV0009,KH0454
DK0455,2025-03-01,NV0011,KH0455
DK0456,2025-02-24,NV0004,KH0456
DK0457,2025-03-16,NV0013,KH0457
DK0458,2025-02-07,NV0011,KH0458
DK0459,2025-01-01,NV0018,KH0459
DK0460,2025-02-15,NV0004,KH0460
DK0461,2025-03-04,NV0006,KH0461
DK0462,2025-03-18,NV0019,KH0462
DK0463,2025-03-24,NV0018,KH0463
DK0464,2025-02-22,NV0004,KH0464
DK0465,2025-02-11,NV0013,KH0465
DK0466,2025-01-17,NV0006,KH0466
DK0467,2025-03-27,NV0019,KH0467
DK0468,2025-02-02,NV0006,KH0468
DK0469,2025-02-19,NV0009,KH0469
DK0470,2025-01-20,NV0019,KH0470
DK0471,2025-02-28,NV0019,KH0471
DK0472,2025-02-25,NV0011,KH0472
DK0473,2025-03-30,NV0006,KH0473
DK0474,2025-03-18,NV0018,KH0474
DK0475,2025-01-22,NV0019,KH0475
DK0476,2025-02-23,NV0004,KH0476
DK0477,2025-02-06,NV0004,KH0477
DK0478,2025-01-06,NV0009,KH0478
DK0479,2025-01-21,NV0006,KH0479
DK0480,2025-01-14,NV0013,KH0480
DK0481,2025-03-06,NV0004,KH0481
DK0482,2025-03-06,NV0004,KH0482
DK0483,2025-01-25,NV0019,KH0483
DK0484,2025-01-27,NV0006,KH0484
DK0485,2025-01-23,NV0011,KH0485
DK0486,2025-01-15,NV0006,KH0486
DK0487,2025-01-18,NV0018,KH0487
DK0488,2025-03-18,NV0013,KH0488
DK0489,2025-03-24,NV0009,KH0489
DK0490,2025-01-28,NV0018,KH0490
DK0491,2025-04-04,NV0011,KH0491
DK0492,2025-02-11,NV0006,KH0492
DK0493,2025-01-03,NV0011,KH0493
DK0494,2025-03-19,NV0019,KH0494
DK0495,2025-01-03,NV0009,KH0495
DK0496,2025-01-31,NV0006,KH0496
DK0497,2025-03-04,NV0013,KH0497
DK0498,2025-01-24,NV0018,KH0498
DK0499,2025-02-13,NV0011,KH0499
DK0500,2025-04-02,NV0011,KH0500
